sku,platform,url,error,timestamp
EDF-200,amazon,https://www.amazon.in/dp/B0C1ZG97MN,Price not found,2026-05-24 06:49:59
EDF-300,amazon,https://www.amazon.in/dp/B0CDCGZFKY,Price not found,2026-05-24 06:49:59
EDS-S-240,amazon,https://www.amazon.in/dp/B0CZP9RQ9X,Price not found,2026-05-24 06:49:59
EDF-100,amazon,https://www.amazon.in/dp/B0B59MRG9M,Price not found,2026-05-24 06:49:59
EDF-500,amazon,https://www.amazon.in/dp/B0D4DRYQ46,Price not found,2026-05-24 06:49:59
EDS-150,amazon,https://www.amazon.in/dp/B0BHHHRZMW,Price not found,2026-05-24 06:49:59
EDF-600,amazon,https://www.amazon.in/dp/B0D4DNQTJR,Price not found,2026-05-24 06:49:59
EDF-400,amazon,https://www.amazon.in/dp/B0CH8864W4,Price not found,2026-05-24 06:49:59
PRO-CC-S-216,amazon,https://www.amazon.in/dp/B0F24KKCDJ,Price not found,2026-05-25 08:01:49
PRO-BN-907,amazon,https://www.amazon.in/dp/B0GHN4ZJL2,Price not found,2026-05-25 08:01:49
PRO-CM-S-216,amazon,https://www.amazon.in/dp/B0F1TTPK58,Price not found,2026-05-25 08:01:49
PRO-KB-S-216,amazon,https://www.amazon.in/dp/B0F24R78RY,Price not found,2026-05-25 08:01:49
EDS-150,flipkart,https://www.flipkart.com/trunativ-everyday-sweet-monkfruit-sweetener-1-1-natural-sugar-replacer-diabetic-friendly/p/itm3435f7f5dd56a?pid=ARSGJPVFDEWSMMGJ,Price not found,2026-05-25 08:01:49
PRO-MG-907,amazon,https://www.amazon.in/dp/B0DQ4XSMTQ,Price not found,2026-05-25 08:01:49
PRO-SB-907,amazon,https://www.amazon.in/dp/B0DQ4YPXF4,Price not found,2026-05-25 08:01:49
PRO-MG-S-216,amazon,https://www.amazon.in/dp/B0F1TYY4JH,Price not found,2026-05-25 08:01:49
PRO-SB-S-216,amazon,https://www.amazon.in/dp/B0F1TVH298,Price not found,2026-05-25 08:01:49
EDS-800,amazon,https://www.amazon.in/dp/B0CD7ZBHJJ,Price not found,2026-05-26 06:59:04
ACMC-S-60,amazon,https://www.amazon.in/dp/B0DNK8H86J,Price not found,2026-05-26 06:59:04
PRO-CM-907,amazon,https://www.amazon.in/dp/B0DQ534GVQ,Price not found,2026-05-26 06:59:04
EDS-150,amazon,https://www.amazon.in/dp/B0BHHHRZMW,Price not found,2026-05-26 06:59:04
PRO-RM-S-216,amazon,https://www.amazon.in/dp/B0F24SY2J7,Price not found,2026-05-26 06:59:04
EDF-500,amazon,https://www.amazon.in/dp/B0D4DRYQ46,Price not found,2026-05-26 06:59:04
EDP-900,amazon,https://www.amazon.in/dp/B09BR6775J,Price not found,2026-05-26 06:59:04
EDF-400,amazon,https://www.amazon.in/dp/B0CH8864W4,Price not found,2026-05-26 06:59:04
PRO-MG-907,amazon,https://www.amazon.in/dp/B0DQ4XSMTQ,Price not found,2026-05-26 06:59:04
EDF-600,amazon,https://www.amazon.in/dp/B0D4DNQTJR,Price not found,2026-05-26 06:59:04
ACBL-200,amazon,https://www.amazon.in/dp/B0DJGYGJ98,Price not found,2026-05-26 06:59:04
CREATINE-100,amazon,https://www.amazon.in/dp/B0F3P7WZ9Y,Price not found,2026-05-26 06:59:04
EDS-S-960,amazon,https://www.amazon.in/dp/B0DK5RYBNW,Price not found,2026-05-26 06:59:04
PRO-CM-S-216,amazon,https://www.amazon.in/dp/B0F1TTPK58,Price not found,2026-05-26 06:59:04
EDP-400,amazon,https://www.amazon.in/dp/B09BR5JJV2,Price not found,2026-05-26 06:59:04
ACU-S-60,amazon,https://www.amazon.in/dp/B0DNK8G8RQ,Price not found,2026-05-26 06:59:04
ACLC-S-60,amazon,https://www.amazon.in/dp/B0DNK35HBV,Price not found,2026-05-26 06:59:04
PRO-BN-907,amazon,https://www.amazon.in/dp/B0GHN4ZJL2,Price not found,2026-05-26 06:59:04
EDS-S-480,amazon,https://www.amazon.in/dp/B0DK5R5L45,Price not found,2026-05-26 06:59:04
EDF-200,amazon,https://www.amazon.in/dp/B0C1ZG97MN,Price not found,2026-05-26 06:59:04
PRO-KB-S-216,amazon,https://www.amazon.in/dp/B0F24R78RY,Price not found,2026-05-26 06:59:04
PRO-CC-S-216,amazon,https://www.amazon.in/dp/B0F24KKCDJ,Price not found,2026-05-26 06:59:04
EDS-150,flipkart,https://www.flipkart.com/trunativ-everyday-sweet-monkfruit-sweetener-1-1-natural-sugar-replacer-diabetic-friendly/p/itm3435f7f5dd56a?pid=ARSGJPVFDEWSMMGJ,Price not found,2026-05-26 06:59:04
PRO-SB-907,amazon,https://www.amazon.in/dp/B0DQ4YPXF4,Price not found,2026-05-26 06:59:04
EDPP-400,amazon,https://www.amazon.in/dp/B09N98Q646,Price not found,2026-05-26 06:59:04
EDS-S-240,amazon,https://www.amazon.in/dp/B0CZP9RQ9X,Price not found,2026-05-26 06:59:04
PRO-SB-S-216,amazon,https://www.amazon.in/dp/B0F1TVH298,Price not found,2026-05-26 06:59:04
ACMC-200,amazon,https://www.amazon.in/dp/B0DJGW5PJ8,Price not found,2026-05-26 06:59:04
EDF-100,amazon,https://www.amazon.in/dp/B0B59MRG9M,Price not found,2026-05-26 06:59:04
ACBL-S-60,amazon,https://www.amazon.in/dp/B0DNK41LM8,Price not found,2026-05-26 06:59:04
EDS-400,amazon,https://www.amazon.in/dp/B0BGH5R1F9,Price not found,2026-05-26 06:59:04
ACU-200,amazon,https://www.amazon.in/dp/B0DJH12W2R,Price not found,2026-05-26 06:59:04
EDPP-900,amazon,https://www.amazon.in/dp/B09N91P1B1,Price not found,2026-05-26 06:59:04
EDF-100,amazon,https://www.amazon.in/dp/B0B59MRG9M,Price not found,2026-05-27 07:46:42
EDS-150,flipkart,https://www.flipkart.com/trunativ-everyday-sweet-monkfruit-sweetener-1-1-natural-sugar-replacer-diabetic-friendly/p/itm3435f7f5dd56a?pid=ARSGJPVFDEWSMMGJ,Price not found,2026-05-27 07:46:42
PRO-SB-907,amazon,https://www.amazon.in/dp/B0DQ4YPXF4,Price not found,2026-05-28 07:06:30
EDF-500,amazon,https://www.amazon.in/dp/B0D4DRYQ46,Price not found,2026-05-28 07:06:30
PRO-BN-907,amazon,https://www.amazon.in/dp/B0GHN4ZJL2,Price not found,2026-05-28 07:06:30
PRO-CC-907,amazon,https://www.amazon.in/dp/B0DQ52JW4W,Price not found,2026-05-28 07:06:30
EDP-400,amazon,https://www.amazon.in/dp/B09BR5JJV2,Price not found,2026-05-28 07:06:30
ACU-S-60,amazon,https://www.amazon.in/dp/B0DNK8G8RQ,Price not found,2026-05-28 07:06:30
ACMC-S-60,amazon,https://www.amazon.in/dp/B0DNK8H86J,Price not found,2026-05-28 07:06:30
PRO-CM-907,amazon,https://www.amazon.in/dp/B0DQ534GVQ,Price not found,2026-05-28 07:06:30
ACMC-200,amazon,https://www.amazon.in/dp/B0DJGW5PJ8,Price not found,2026-05-28 07:06:30
PRO-RM-907,amazon,https://www.amazon.in/dp/B0DQ4YTG9P,Price not found,2026-05-28 07:06:30
EDF-200,amazon,https://www.amazon.in/dp/B0C1ZG97MN,Price not found,2026-05-28 07:06:30
PRO-KB-907,amazon,https://www.amazon.in/dp/B0DQ4VBKJW,Price not found,2026-05-28 07:06:30
EDPP-900,amazon,https://www.amazon.in/dp/B09N91P1B1,Price not found,2026-05-28 07:06:30
ACBL-200,amazon,https://www.amazon.in/dp/B0DJGYGJ98,Price not found,2026-05-28 07:06:30
PRO-MG-907,amazon,https://www.amazon.in/dp/B0DQ4XSMTQ,Price not found,2026-05-28 07:06:30
EDS-800,amazon,https://www.amazon.in/dp/B0CD7ZBHJJ,Price not found,2026-05-28 07:06:30
ACBL-S-60,amazon,https://www.amazon.in/dp/B0DNK41LM8,Price not found,2026-05-28 07:06:30
EDS-S-240,amazon,https://www.amazon.in/dp/B0CZP9RQ9X,Price not found,2026-05-28 07:06:30
EDF-400,amazon,https://www.amazon.in/dp/B0CH8864W4,Price not found,2026-05-28 07:06:30
EDPP-400,amazon,https://www.amazon.in/dp/B09N98Q646,Price not found,2026-05-28 07:06:30
EDS-S-480,amazon,https://www.amazon.in/dp/B0DK5R5L45,Price not found,2026-05-28 07:06:30
EDS-150,flipkart,https://www.flipkart.com/trunativ-everyday-sweet-monkfruit-sweetener-1-1-natural-sugar-replacer-diabetic-friendly/p/itm3435f7f5dd56a?pid=ARSGJPVFDEWSMMGJ,Price not found,2026-05-28 07:06:30
PRO-CM-S-216,amazon,https://www.amazon.in/dp/B0F1TTPK58,Price not found,2026-05-28 07:06:30
CREATINE-100,amazon,https://www.amazon.in/dp/B0F3P7WZ9Y,Price not found,2026-05-28 07:06:30
ACLC-200,amazon,https://www.amazon.in/dp/B0DJGX7L99,Price not found,2026-05-28 07:06:30
EDF-100,amazon,https://www.amazon.in/dp/B0B59MRG9M,Price not found,2026-05-28 07:06:30
EDF-300,amazon,https://www.amazon.in/dp/B0CDCGZFKY,Price not found,2026-05-28 07:06:30
ACU-200,amazon,https://www.amazon.in/dp/B0DJH12W2R,Price not found,2026-05-28 07:06:30
EDS-400,amazon,https://www.amazon.in/dp/B0BGH5R1F9,Price not found,2026-05-28 07:06:30
EDP-900,amazon,https://www.amazon.in/dp/B09BR6775J,Price not found,2026-05-28 07:06:30
EDF-600,amazon,https://www.amazon.in/dp/B0D4DNQTJR,Price not found,2026-05-28 07:06:30
WI-900,amazon,https://www.amazon.in/dp/B07WGDXGTV,Price not found,2026-05-28 07:06:30
EDS-150,amazon,https://www.amazon.in/dp/B0BHHHRZMW,Price not found,2026-05-28 07:06:30
EDS-S-960,amazon,https://www.amazon.in/dp/B0DK5RYBNW,Price not found,2026-05-28 07:06:30
EDF-200,amazon,https://www.amazon.in/dp/B0C1ZG97MN,Price not found,2026-05-29 07:07:09
EDF-300,amazon,https://www.amazon.in/dp/B0CDCGZFKY,Price not found,2026-05-29 07:07:09
EDF-500,amazon,https://www.amazon.in/dp/B0D4DRYQ46,Price not found,2026-05-29 07:07:09
EDF-400,amazon,https://www.amazon.in/dp/B0CH8864W4,Price not found,2026-05-29 07:07:09
EDS-S-240,amazon,https://www.amazon.in/dp/B0CZP9RQ9X,Price not found,2026-05-29 07:07:09
EDS-S-960,amazon,https://www.amazon.in/dp/B0DK5RYBNW,Price not found,2026-05-29 07:07:09
EDS-S-480,amazon,https://www.amazon.in/dp/B0DK5R5L45,Price not found,2026-05-29 07:07:09
EDF-100,amazon,https://www.amazon.in/dp/B0B59MRG9M,Price not found,2026-05-29 07:07:09
EDF-600,amazon,https://www.amazon.in/dp/B0D4DNQTJR,Price not found,2026-05-29 07:07:09
EDS-150,amazon,https://www.amazon.in/dp/B0BHHHRZMW,Price not found,2026-05-29 07:07:09
PRO-SB-S-216,amazon,https://www.amazon.in/dp/B0F1TVH298,Price not found,2026-05-30 06:34:33
EDP-400,amazon,https://www.amazon.in/dp/B09BR5JJV2,Price not found,2026-05-30 06:34:33
EDPP-400,amazon,https://www.amazon.in/dp/B09N98Q646,Price not found,2026-05-30 06:34:33
EDS-S-480,amazon,https://www.amazon.in/dp/B0DK5R5L45,Price not found,2026-05-30 06:34:33
ACLC-200,amazon,https://www.amazon.in/dp/B0DJGX7L99,Price not found,2026-05-30 06:34:33
PRO-CM-S-216,amazon,https://www.amazon.in/dp/B0F1TTPK58,Price not found,2026-05-30 06:34:33
PRO-MG-S-216,amazon,https://www.amazon.in/dp/B0F1TYY4JH,Price not found,2026-05-30 06:34:33
EDF-600,amazon,https://www.amazon.in/dp/B0D4DNQTJR,Price not found,2026-05-30 06:34:33
EDF-200,amazon,https://www.amazon.in/dp/B0C1ZG97MN,Price not found,2026-05-30 06:34:33
CREATINE-100,amazon,https://www.amazon.in/dp/B0F3P7WZ9Y,Price not found,2026-05-30 06:34:33
EDF-300,amazon,https://www.amazon.in/dp/B0CDCGZFKY,Price not found,2026-05-30 06:34:33
EDF-400,amazon,https://www.amazon.in/dp/B0CH8864W4,Price not found,2026-05-30 06:34:33
EDS-150,amazon,https://www.amazon.in/dp/B0BHHHRZMW,Price not found,2026-05-30 06:34:33
EDF-500,amazon,https://www.amazon.in/dp/B0D4DRYQ46,Price not found,2026-05-30 06:34:33
EDS-S-960,amazon,https://www.amazon.in/dp/B0DK5RYBNW,Price not found,2026-05-31 07:09:29
EDPP-900,amazon,https://www.amazon.in/dp/B09N91P1B1,Price not found,2026-05-31 07:09:29
PRO-SB-S-216,amazon,https://www.amazon.in/dp/B0F1TVH298,Price not found,2026-05-31 07:09:29
ACLC-200,amazon,https://www.amazon.in/dp/B0DJGX7L99,Price not found,2026-05-31 07:09:29
EDP-400,amazon,https://www.amazon.in/dp/B09BR5JJV2,Price not found,2026-05-31 07:09:29
EDS-150,amazon,https://www.amazon.in/dp/B0BHHHRZMW,Price not found,2026-05-31 07:09:29
EDP-900,amazon,https://www.amazon.in/dp/B09BR6775J,Price not found,2026-05-31 07:09:29
EDF-400,amazon,https://www.amazon.in/dp/B0CH8864W4,Price not found,2026-05-31 07:09:29
ACBL-200,amazon,https://www.amazon.in/dp/B0DJGYGJ98,Price not found,2026-05-31 07:09:29
EDS-150,flipkart,https://www.flipkart.com/trunativ-everyday-sweet-monkfruit-sweetener-1-1-natural-sugar-replacer-diabetic-friendly/p/itm3435f7f5dd56a?pid=ARSGJPVFDEWSMMGJ,Price not found,2026-05-31 07:09:29
PRO-CC-907,amazon,https://www.amazon.in/dp/B0DQ52JW4W,Price not found,2026-05-31 07:09:29
EDF-500,amazon,https://www.amazon.in/dp/B0D4DRYQ46,Price not found,2026-05-31 07:09:29
WI-900,amazon,https://www.amazon.in/dp/B07WGDXGTV,Price not found,2026-05-31 07:09:29
EDS-S-240,amazon,https://www.amazon.in/dp/B0CZP9RQ9X,Price not found,2026-05-31 07:09:29
EDS-800,amazon,https://www.amazon.in/dp/B0CD7ZBHJJ,Price not found,2026-05-31 07:09:29
EDF-200,amazon,https://www.amazon.in/dp/B0C1ZG97MN,Price not found,2026-05-31 07:09:29
PRO-CM-907,amazon,https://www.amazon.in/dp/B0DQ534GVQ,Price not found,2026-05-31 07:09:29
EDPP-400,amazon,https://www.amazon.in/dp/B09N98Q646,Price not found,2026-05-31 07:09:29
EDF-300,amazon,https://www.amazon.in/dp/B0CDCGZFKY,Price not found,2026-05-31 07:09:29
EDF-600,amazon,https://www.amazon.in/dp/B0D4DNQTJR,Price not found,2026-05-31 07:09:29
PRO-MG-S-216,amazon,https://www.amazon.in/dp/B0F1TYY4JH,Price not found,2026-05-31 07:09:29
EDF-100,amazon,https://www.amazon.in/dp/B0B59MRG9M,Price not found,2026-05-31 07:09:29
ACU-200,amazon,https://www.amazon.in/dp/B0DJH12W2R,Price not found,2026-05-31 07:09:29
ACLC-S-60,amazon,https://www.amazon.in/dp/B0DNK35HBV,Price not found,2026-05-31 07:09:29
PRO-RM-907,amazon,https://www.amazon.in/dp/B0DQ4YTG9P,Price not found,2026-05-31 07:09:29
ACMC-200,amazon,https://www.amazon.in/dp/B0DJGW5PJ8,Price not found,2026-05-31 07:09:29
PRO-MG-907,amazon,https://www.amazon.in/dp/B0DQ4XSMTQ,Price not found,2026-05-31 07:09:29
PRO-SB-907,amazon,https://www.amazon.in/dp/B0DQ4YPXF4,Price not found,2026-05-31 07:09:29
ACMC-S-60,amazon,https://www.amazon.in/dp/B0DNK8H86J,Price not found,2026-05-31 07:09:29
PRO-CC-S-216,amazon,https://www.amazon.in/dp/B0F24KKCDJ,Price not found,2026-05-31 07:09:29
ACBL-S-60,amazon,https://www.amazon.in/dp/B0DNK41LM8,Price not found,2026-05-31 07:09:29
PRO-CM-S-216,amazon,https://www.amazon.in/dp/B0F1TTPK58,Price not found,2026-05-31 07:09:29
EDS-400,amazon,https://www.amazon.in/dp/B0BGH5R1F9,Price not found,2026-05-31 07:09:29
PRO-BN-907,amazon,https://www.amazon.in/dp/B0GHN4ZJL2,Price not found,2026-05-31 07:09:29
PRO-KB-907,amazon,https://www.amazon.in/dp/B0DQ4VBKJW,Price not found,2026-05-31 07:09:29
PRO-RM-S-216,amazon,https://www.amazon.in/dp/B0F24SY2J7,Price not found,2026-05-31 07:09:29
PRO-KB-S-216,amazon,https://www.amazon.in/dp/B0F24R78RY,Price not found,2026-05-31 07:09:29
ACU-S-60,amazon,https://www.amazon.in/dp/B0DNK8G8RQ,Price not found,2026-05-31 07:09:29
CREATINE-100,amazon,https://www.amazon.in/dp/B0F3P7WZ9Y,Price not found,2026-05-31 07:09:29
EDS-S-480,amazon,https://www.amazon.in/dp/B0DK5R5L45,Price not found,2026-05-31 07:09:29
EDS-S-960,amazon,https://www.amazon.in/dp/B0DK5RYBNW,Price not found,2026-06-01 08:59:31
PRO-BN-907,amazon,https://www.amazon.in/dp/B0GHN4ZJL2,Price not found,2026-06-01 08:59:31
PRO-CC-S-216,amazon,https://www.amazon.in/dp/B0F24KKCDJ,Price not found,2026-06-01 08:59:31
PRO-RM-S-216,amazon,https://www.amazon.in/dp/B0F24SY2J7,Price not found,2026-06-01 08:59:31
PRO-SB-S-216,amazon,https://www.amazon.in/dp/B0F1TVH298,Price not found,2026-06-01 08:59:31
PRO-CM-S-216,amazon,https://www.amazon.in/dp/B0F1TTPK58,Price not found,2026-06-01 08:59:31
PRO-CM-907,amazon,https://www.amazon.in/dp/B0DQ534GVQ,Price not found,2026-06-01 08:59:31
PRO-KB-S-216,amazon,https://www.amazon.in/dp/B0F24R78RY,Price not found,2026-06-01 08:59:31
EDF-400,amazon,https://www.amazon.in/dp/B0CH8864W4,Price not found,2026-06-01 08:59:31
EDF-300,amazon,https://www.amazon.in/dp/B0CDCGZFKY,Price not found,2026-06-01 08:59:31
EDS-S-480,amazon,https://www.amazon.in/dp/B0DK5R5L45,Price not found,2026-06-01 08:59:31
CREATINE-100,amazon,https://www.amazon.in/dp/B0F3P7WZ9Y,Price not found,2026-06-01 08:59:31
EDS-150,amazon,https://www.amazon.in/dp/B0BHHHRZMW,Price not found,2026-06-01 08:59:31
EDF-100,amazon,https://www.amazon.in/dp/B0B59MRG9M,Price not found,2026-06-01 08:59:31
EDF-300,amazon,https://www.amazon.in/dp/B0CDCGZFKY,Price not found,2026-06-02 08:11:37
EDF-500,amazon,https://www.amazon.in/dp/B0D4DRYQ46,Price not found,2026-06-02 08:11:37
EDS-150,flipkart,https://www.flipkart.com/trunativ-everyday-sweet-monkfruit-sweetener-1-1-natural-sugar-replacer-diabetic-friendly/p/itm3435f7f5dd56a?pid=ARSGJPVFDEWSMMGJ,Price not found,2026-06-02 08:11:37
EDS-150,amazon,https://www.amazon.in/dp/B0BHHHRZMW,Price not found,2026-06-02 08:11:37
EDF-100,amazon,https://www.amazon.in/dp/B0B59MRG9M,Price not found,2026-06-02 08:11:37
EDF-600,amazon,https://www.amazon.in/dp/B0D4DNQTJR,Price not found,2026-06-02 08:11:37
WI-900,amazon,https://www.amazon.in/dp/B07WGDXGTV,Price not found,2026-06-02 08:11:37
EDS-S-960,amazon,https://www.amazon.in/dp/B0DK5RYBNW,Price not found,2026-06-02 08:11:37
EDF-400,amazon,https://www.amazon.in/dp/B0CH8864W4,Price not found,2026-06-02 08:11:37
EDS-S-240,amazon,https://www.amazon.in/dp/B0CZP9RQ9X,Price not found,2026-06-02 08:11:37
EDS-800,amazon,https://www.amazon.in/dp/B0CD7ZBHJJ,Price not found,2026-06-02 08:11:37
EDF-200,amazon,https://www.amazon.in/dp/B0C1ZG97MN,Price not found,2026-06-02 08:11:37
EDS-S-480,amazon,https://www.amazon.in/dp/B0DK5R5L45,Price not found,2026-06-02 08:11:37
EDS-400,amazon,https://www.amazon.in/dp/B0BGH5R1F9,Price not found,2026-06-02 08:11:37
EDS-150,amazon,https://www.amazon.in/dp/B0BHHHRZMW,Price not found,2026-06-03 08:32:33
EDF-300,amazon,https://www.amazon.in/dp/B0CDCGZFKY,Price not found,2026-06-03 08:32:33
EDF-500,amazon,https://www.amazon.in/dp/B0D4DRYQ46,Price not found,2026-06-03 08:32:33
EDF-600,amazon,https://www.amazon.in/dp/B0D4DNQTJR,Price not found,2026-06-03 08:32:33
EDF-200,amazon,https://www.amazon.in/dp/B0C1ZG97MN,Price not found,2026-06-03 08:32:33
EDF-400,amazon,https://www.amazon.in/dp/B0CH8864W4,Price not found,2026-06-03 08:32:33
EDF-100,amazon,https://www.amazon.in/dp/B0B59MRG9M,Price not found,2026-06-03 08:32:33
EDF-600,amazon,https://www.amazon.in/dp/B0D4DNQTJR,Price not found,2026-06-04 08:04:56
EDS-S-960,amazon,https://www.amazon.in/dp/B0DK5RYBNW,Price not found,2026-06-04 08:04:56
EDS-150,flipkart,https://www.flipkart.com/trunativ-everyday-sweet-monkfruit-sweetener-1-1-natural-sugar-replacer-diabetic-friendly/p/itm3435f7f5dd56a?pid=ARSGJPVFDEWSMMGJ,Price not found,2026-06-04 08:04:56
EDF-100,amazon,https://www.amazon.in/dp/B0B59MRG9M,Price not found,2026-06-04 08:04:56
WI-900,amazon,https://www.amazon.in/dp/B07WGDXGTV,Price not found,2026-06-04 08:04:56
EDF-500,amazon,https://www.amazon.in/dp/B0D4DRYQ46,Price not found,2026-06-04 08:04:56
EDF-300,amazon,https://www.amazon.in/dp/B0CDCGZFKY,Price not found,2026-06-04 08:04:56
EDS-800,amazon,https://www.amazon.in/dp/B0CD7ZBHJJ,Price not found,2026-06-04 08:04:56
EDS-S-240,amazon,https://www.amazon.in/dp/B0CZP9RQ9X,Price not found,2026-06-04 08:04:56
EDS-150,amazon,https://www.amazon.in/dp/B0BHHHRZMW,Price not found,2026-06-04 08:04:56
EDP-400,amazon,https://www.amazon.in/dp/B09BR5JJV2,Price not found,2026-06-04 08:04:56
EDS-400,amazon,https://www.amazon.in/dp/B0BGH5R1F9,Price not found,2026-06-04 08:04:56
EDF-200,amazon,https://www.amazon.in/dp/B0C1ZG97MN,Price not found,2026-06-04 08:04:56
EDS-S-480,amazon,https://www.amazon.in/dp/B0DK5R5L45,Price not found,2026-06-04 08:04:56
EDF-400,amazon,https://www.amazon.in/dp/B0CH8864W4,Price not found,2026-06-04 08:04:56
EDF-400,amazon,https://www.amazon.in/dp/B0CH8864W4,Price not found,2026-06-06 06:42:10
EDF-500,amazon,https://www.amazon.in/dp/B0D4DRYQ46,Price not found,2026-06-06 06:42:10
EDF-300,amazon,https://www.amazon.in/dp/B0CDCGZFKY,Price not found,2026-06-06 06:42:10
EDS-150,flipkart,https://www.flipkart.com/trunativ-everyday-sweet-monkfruit-sweetener-1-1-natural-sugar-replacer-diabetic-friendly/p/itm3435f7f5dd56a?pid=ARSGJPVFDEWSMMGJ,Price not found,2026-06-06 06:42:10
EDF-600,amazon,https://www.amazon.in/dp/B0D4DNQTJR,Price not found,2026-06-06 06:42:10
EDF-200,amazon,https://www.amazon.in/dp/B0C1ZG97MN,Price not found,2026-06-06 06:42:10
EDF-100,amazon,https://www.amazon.in/dp/B0B59MRG9M,Price not found,2026-06-06 06:42:10
EDF-100,amazon,https://www.amazon.in/dp/B0B59MRG9M,Price not found,2026-06-08 08:26:59
EDF-200,amazon,https://www.amazon.in/dp/B0C1ZG97MN,Price not found,2026-06-08 08:26:59
EDF-200,amazon,https://www.amazon.in/dp/B0C1ZG97MN,Price not found,2026-06-09 07:01:23
EDF-400,amazon,https://www.amazon.in/dp/B0CH8864W4,Price not found,2026-06-09 07:01:23
EDS-400,amazon,https://www.amazon.in/dp/B0BGH5R1F9,Price not found,2026-06-09 07:01:23
EDF-100,amazon,https://www.amazon.in/dp/B0B59MRG9M,Price not found,2026-06-09 07:01:23
EDF-300,amazon,https://www.amazon.in/dp/B0CDCGZFKY,Price not found,2026-06-09 07:01:23
EDF-600,amazon,https://www.amazon.in/dp/B0D4DNQTJR,Price not found,2026-06-09 07:01:23
EDS-S-960,amazon,https://www.amazon.in/dp/B0DK5RYBNW,Price not found,2026-06-09 07:01:23
WI-900,amazon,https://www.amazon.in/dp/B07WGDXGTV,Price not found,2026-06-09 07:01:23
EDS-S-240,amazon,https://www.amazon.in/dp/B0CZP9RQ9X,Price not found,2026-06-09 07:01:23
EDS-S-480,amazon,https://www.amazon.in/dp/B0DK5R5L45,Price not found,2026-06-09 07:01:23
EDF-500,amazon,https://www.amazon.in/dp/B0D4DRYQ46,Price not found,2026-06-09 07:01:23
EDS-150,amazon,https://www.amazon.in/dp/B0BHHHRZMW,Price not found,2026-06-09 07:01:23
EDS-800,amazon,https://www.amazon.in/dp/B0CD7ZBHJJ,Price not found,2026-06-09 07:01:23
EDF-200,amazon,https://www.amazon.in/dp/B0C1ZG97MN,Price not found,2026-06-10 07:51:14
EDF-400,amazon,https://www.amazon.in/dp/B0CH8864W4,Price not found,2026-06-10 07:51:14
EDF-100,amazon,https://www.amazon.in/dp/B0B59MRG9M,Price not found,2026-06-10 07:51:14
EDF-300,amazon,https://www.amazon.in/dp/B0CDCGZFKY,Price not found,2026-06-10 07:51:14
EDF-500,amazon,https://www.amazon.in/dp/B0D4DRYQ46,Price not found,2026-06-11 08:19:02
EDF-300,amazon,https://www.amazon.in/dp/B0CDCGZFKY,Price not found,2026-06-11 08:19:02
EDF-100,amazon,https://www.amazon.in/dp/B0B59MRG9M,Price not found,2026-06-11 08:19:02
EDF-400,amazon,https://www.amazon.in/dp/B0CH8864W4,Price not found,2026-06-11 08:19:02
EDS-150,amazon,https://www.amazon.in/dp/B0BHHHRZMW,Price not found,2026-06-11 08:19:02
EDS-150,flipkart,https://www.flipkart.com/trunativ-everyday-sweet-monkfruit-sweetener-1-1-natural-sugar-replacer-diabetic-friendly/p/itm3435f7f5dd56a?pid=ARSGJPVFDEWSMMGJ,Price not found,2026-06-11 08:19:02
EDF-600,amazon,https://www.amazon.in/dp/B0D4DNQTJR,Price not found,2026-06-11 08:19:02
EDF-200,amazon,https://www.amazon.in/dp/B0C1ZG97MN,Price not found,2026-06-11 08:19:02
EDS-150,flipkart,https://www.flipkart.com/trunativ-everyday-sweet-monkfruit-sweetener-1-1-natural-sugar-replacer-diabetic-friendly/p/itm3435f7f5dd56a?pid=ARSGJPVFDEWSMMGJ,Price not found,2026-06-12 08:07:33
EDF-600,amazon,https://www.amazon.in/dp/B0D4DNQTJR,Price not found,2026-06-14 08:00:01
EDS-S-480,amazon,https://www.amazon.in/dp/B0DK5R5L45,Price not found,2026-06-14 08:00:01
EDF-500,amazon,https://www.amazon.in/dp/B0D4DRYQ46,Price not found,2026-06-14 08:00:01
EDS-150,amazon,https://www.amazon.in/dp/B0BHHHRZMW,Price not found,2026-06-14 08:00:01
EDS-S-240,amazon,https://www.amazon.in/dp/B0CZP9RQ9X,Price not found,2026-06-14 08:00:01
EDF-400,amazon,https://www.amazon.in/dp/B0CH8864W4,Price not found,2026-06-14 08:00:01
EDS-S-960,amazon,https://www.amazon.in/dp/B0DK5RYBNW,Price not found,2026-06-14 08:00:01
EDF-300,amazon,https://www.amazon.in/dp/B0CDCGZFKY,Price not found,2026-06-14 08:00:01
EDF-100,amazon,https://www.amazon.in/dp/B0B59MRG9M,Price not found,2026-06-14 08:00:01
EDF-200,amazon,https://www.amazon.in/dp/B0C1ZG97MN,Price not found,2026-06-14 08:00:01
EDS-800,amazon,https://www.amazon.in/dp/B0CD7ZBHJJ,Price not found,2026-06-15 09:42:01
EDS-150,amazon,https://www.amazon.in/dp/B0BHHHRZMW,Price not found,2026-06-15 09:42:01
EDS-S-960,amazon,https://www.amazon.in/dp/B0DK5RYBNW,Price not found,2026-06-15 09:42:01
EDF-600,amazon,https://www.amazon.in/dp/B0D4DNQTJR,Price not found,2026-06-15 09:42:01
EDS-S-480,amazon,https://www.amazon.in/dp/B0DK5R5L45,Price not found,2026-06-15 09:42:01
WI-900,amazon,https://www.amazon.in/dp/B07WGDXGTV,Price not found,2026-06-15 09:42:01
EDF-500,amazon,https://www.amazon.in/dp/B0D4DRYQ46,Price not found,2026-06-15 09:42:01
EDF-100,amazon,https://www.amazon.in/dp/B0B59MRG9M,Price not found,2026-06-15 09:42:01
EDF-300,amazon,https://www.amazon.in/dp/B0CDCGZFKY,Price not found,2026-06-15 09:42:01
EDS-S-240,amazon,https://www.amazon.in/dp/B0CZP9RQ9X,Price not found,2026-06-15 09:42:01
EDS-400,amazon,https://www.amazon.in/dp/B0BGH5R1F9,Price not found,2026-06-15 09:42:01
EDF-200,amazon,https://www.amazon.in/dp/B0C1ZG97MN,Price not found,2026-06-15 09:42:01
EDF-400,amazon,https://www.amazon.in/dp/B0CH8864W4,Price not found,2026-06-15 09:42:01
EDF-400,amazon,https://www.amazon.in/dp/B0CH8864W4,Price not found,2026-06-16 09:07:39
EDS-400,amazon,https://www.amazon.in/dp/B0BGH5R1F9,Price not found,2026-06-16 09:07:39
EDPP-900,amazon,https://www.amazon.in/dp/B09N91P1B1,Price not found,2026-06-16 09:07:39
ACLC-S-60,amazon,https://www.amazon.in/dp/B0DNK35HBV,Price not found,2026-06-16 09:07:39
ACU-200,amazon,https://www.amazon.in/dp/B0DJH12W2R,Price not found,2026-06-16 09:07:39
EDPP-400,amazon,https://www.amazon.in/dp/B09N98Q646,Price not found,2026-06-16 09:07:39
ACMC-S-60,amazon,https://www.amazon.in/dp/B0DNK8H86J,Price not found,2026-06-16 09:07:39
EDF-200,amazon,https://www.amazon.in/dp/B0C1ZG97MN,Price not found,2026-06-16 09:07:39
EDS-S-240,amazon,https://www.amazon.in/dp/B0CZP9RQ9X,Price not found,2026-06-16 09:07:39
ACMC-200,amazon,https://www.amazon.in/dp/B0DJGW5PJ8,Price not found,2026-06-16 09:07:39
EDP-900,amazon,https://www.amazon.in/dp/B09BR6775J,Price not found,2026-06-16 09:07:39
ACLC-200,amazon,https://www.amazon.in/dp/B0DJGX7L99,Price not found,2026-06-16 09:07:39
EDF-100,amazon,https://www.amazon.in/dp/B0B59MRG9M,Price not found,2026-06-16 09:07:39
ACU-S-60,amazon,https://www.amazon.in/dp/B0DNK8G8RQ,Price not found,2026-06-16 09:07:39
EDF-500,amazon,https://www.amazon.in/dp/B0D4DRYQ46,Price not found,2026-06-16 09:07:39
EDS-800,amazon,https://www.amazon.in/dp/B0CD7ZBHJJ,Price not found,2026-06-16 09:07:39
EDS-150,amazon,https://www.amazon.in/dp/B0BHHHRZMW,Price not found,2026-06-16 09:07:39
EDF-300,amazon,https://www.amazon.in/dp/B0CDCGZFKY,Price not found,2026-06-16 09:07:39
EDS-S-480,amazon,https://www.amazon.in/dp/B0DK5R5L45,Price not found,2026-06-16 09:07:39
ACBL-S-60,amazon,https://www.amazon.in/dp/B0DNK41LM8,Price not found,2026-06-16 09:07:39
EDP-400,amazon,https://www.amazon.in/dp/B09BR5JJV2,Price not found,2026-06-16 09:07:39
EDS-S-960,amazon,https://www.amazon.in/dp/B0DK5RYBNW,Price not found,2026-06-16 09:07:39
ACBL-200,amazon,https://www.amazon.in/dp/B0DJGYGJ98,Price not found,2026-06-16 09:07:39
EDF-600,amazon,https://www.amazon.in/dp/B0D4DNQTJR,Price not found,2026-06-16 09:07:39
WI-900,amazon,https://www.amazon.in/dp/B07WGDXGTV,Price not found,2026-06-16 09:07:39
EDF-100,amazon,https://www.amazon.in/dp/B0B59MRG9M,Price not found,2026-06-17 08:39:54
EDS-150,flipkart,https://www.flipkart.com/trunativ-everyday-sweet-monkfruit-sweetener-1-1-natural-sugar-replacer-diabetic-friendly/p/itm3435f7f5dd56a?pid=ARSGJPVFDEWSMMGJ,Price not found,2026-06-17 08:39:54
EDF-300,amazon,https://www.amazon.in/dp/B0CDCGZFKY,Price not found,2026-06-18 08:30:32
EDF-400,amazon,https://www.amazon.in/dp/B0CH8864W4,Price not found,2026-06-18 08:30:32
EDF-600,amazon,https://www.amazon.in/dp/B0D4DNQTJR,Price not found,2026-06-18 08:30:32
EDS-150,flipkart,https://www.flipkart.com/trunativ-everyday-sweet-monkfruit-sweetener-1-1-natural-sugar-replacer-diabetic-friendly/p/itm3435f7f5dd56a?pid=ARSGJPVFDEWSMMGJ,Price not found,2026-06-18 08:30:32
EDF-200,amazon,https://www.amazon.in/dp/B0C1ZG97MN,Price not found,2026-06-18 08:30:32
EDF-100,amazon,https://www.amazon.in/dp/B0B59MRG9M,Price not found,2026-06-18 08:30:32
EDF-500,amazon,https://www.amazon.in/dp/B0D4DRYQ46,Price not found,2026-06-18 08:30:32
EDS-S-480,amazon,https://www.amazon.in/dp/B0DK5R5L45,Price not found,2026-06-19 08:43:31
EDS-800,amazon,https://www.amazon.in/dp/B0CD7ZBHJJ,Price not found,2026-06-19 08:43:31
EDS-S-240,amazon,https://www.amazon.in/dp/B0CZP9RQ9X,Price not found,2026-06-19 08:43:31
EDS-150,amazon,https://www.amazon.in/dp/B0BHHHRZMW,Price not found,2026-06-19 08:43:31
EDF-200,amazon,https://www.amazon.in/dp/B0C1ZG97MN,Price not found,2026-06-19 08:43:31
EDS-400,amazon,https://www.amazon.in/dp/B0BGH5R1F9,Price not found,2026-06-19 08:43:31
EDF-600,amazon,https://www.amazon.in/dp/B0D4DNQTJR,Price not found,2026-06-19 08:43:31
EDF-300,amazon,https://www.amazon.in/dp/B0CDCGZFKY,Price not found,2026-06-19 08:43:31
WI-900,amazon,https://www.amazon.in/dp/B07WGDXGTV,Price not found,2026-06-19 08:43:31
EDF-100,amazon,https://www.amazon.in/dp/B0B59MRG9M,Price not found,2026-06-19 08:43:31
EDS-S-960,amazon,https://www.amazon.in/dp/B0DK5RYBNW,Price not found,2026-06-19 08:43:31
EDF-500,amazon,https://www.amazon.in/dp/B0D4DRYQ46,Price not found,2026-06-19 08:43:31
EDF-400,amazon,https://www.amazon.in/dp/B0CH8864W4,Price not found,2026-06-19 08:43:31
EDF-500,amazon,https://www.amazon.in/dp/B0D4DRYQ46,Price not found,2026-06-20 07:11:22
EDF-400,amazon,https://www.amazon.in/dp/B0CH8864W4,Price not found,2026-06-20 07:11:22
EDF-100,amazon,https://www.amazon.in/dp/B0B59MRG9M,Price not found,2026-06-20 07:11:22
EDF-200,amazon,https://www.amazon.in/dp/B0C1ZG97MN,Price not found,2026-06-20 07:11:22
EDF-300,amazon,https://www.amazon.in/dp/B0CDCGZFKY,Price not found,2026-06-20 07:11:22
EDF-600,amazon,https://www.amazon.in/dp/B0D4DNQTJR,Price not found,2026-06-20 07:11:22
EDF-300,amazon,https://www.amazon.in/dp/B0CDCGZFKY,Price not found,2026-06-21 08:13:39
EDF-100,amazon,https://www.amazon.in/dp/B0B59MRG9M,Price not found,2026-06-21 08:13:39
EDS-S-480,amazon,https://www.amazon.in/dp/B0DK5R5L45,Price not found,2026-06-21 08:13:39
EDF-600,amazon,https://www.amazon.in/dp/B0D4DNQTJR,Price not found,2026-06-21 08:13:39
EDS-150,flipkart,https://www.flipkart.com/trunativ-everyday-sweet-monkfruit-sweetener-1-1-natural-sugar-replacer-diabetic-friendly/p/itm3435f7f5dd56a?pid=ARSGJPVFDEWSMMGJ,Price not found,2026-06-21 08:13:39
EDS-S-240,amazon,https://www.amazon.in/dp/B0CZP9RQ9X,Price not found,2026-06-21 08:13:39
EDF-200,amazon,https://www.amazon.in/dp/B0C1ZG97MN,Price not found,2026-06-21 08:13:39
EDF-400,amazon,https://www.amazon.in/dp/B0CH8864W4,Price not found,2026-06-21 08:13:39
EDF-500,amazon,https://www.amazon.in/dp/B0D4DRYQ46,Price not found,2026-06-21 08:13:39
EDS-150,amazon,https://www.amazon.in/dp/B0BHHHRZMW,Price not found,2026-06-21 08:13:39
EDF-100,amazon,https://www.amazon.in/dp/B0B59MRG9M,Price not found,2026-06-22 09:26:13
EDS-150,flipkart,https://www.flipkart.com/trunativ-everyday-sweet-monkfruit-sweetener-1-1-natural-sugar-replacer-diabetic-friendly/p/itm3435f7f5dd56a?pid=ARSGJPVFDEWSMMGJ,Price not found,2026-06-22 09:26:13
EDF-400,amazon,https://www.amazon.in/dp/B0CH8864W4,Price not found,2026-06-23 07:02:25
EDF-600,amazon,https://www.amazon.in/dp/B0D4DNQTJR,Price not found,2026-06-23 07:02:25
EDF-100,amazon,https://www.amazon.in/dp/B0B59MRG9M,Price not found,2026-06-23 07:02:25
EDF-500,amazon,https://www.amazon.in/dp/B0D4DRYQ46,Price not found,2026-06-23 07:02:25
EDF-300,amazon,https://www.amazon.in/dp/B0CDCGZFKY,Price not found,2026-06-23 07:02:25
EDF-200,amazon,https://www.amazon.in/dp/B0C1ZG97MN,Price not found,2026-06-23 07:02:25
EDS-150,amazon,https://www.amazon.in/dp/B0BHHHRZMW,Price not found,2026-06-23 07:02:25
EDF-600,amazon,https://www.amazon.in/dp/B0D4DNQTJR,Price not found,2026-06-24 06:59:29
EDF-200,amazon,https://www.amazon.in/dp/B0C1ZG97MN,Price not found,2026-06-24 06:59:29
EDF-400,amazon,https://www.amazon.in/dp/B0CH8864W4,Price not found,2026-06-24 06:59:29
EDF-300,amazon,https://www.amazon.in/dp/B0CDCGZFKY,Price not found,2026-06-24 06:59:29
EDF-100,amazon,https://www.amazon.in/dp/B0B59MRG9M,Price not found,2026-06-24 06:59:29
EDF-500,amazon,https://www.amazon.in/dp/B0D4DRYQ46,Price not found,2026-06-24 06:59:29
EDF-100,amazon,https://www.amazon.in/dp/B0B59MRG9M,Price not found,2026-06-25 06:59:19
EDF-300,amazon,https://www.amazon.in/dp/B0CDCGZFKY,Price not found,2026-06-25 06:59:19
EDS-S-960,amazon,https://www.amazon.in/dp/B0DK5RYBNW,Price not found,2026-06-25 06:59:19
EDF-600,amazon,https://www.amazon.in/dp/B0D4DNQTJR,Price not found,2026-06-25 06:59:19
EDS-S-480,amazon,https://www.amazon.in/dp/B0DK5R5L45,Price not found,2026-06-25 06:59:19
EDS-400,amazon,https://www.amazon.in/dp/B0BGH5R1F9,Price not found,2026-06-25 06:59:19
EDF-200,amazon,https://www.amazon.in/dp/B0C1ZG97MN,Price not found,2026-06-25 06:59:19
EDS-S-240,amazon,https://www.amazon.in/dp/B0CZP9RQ9X,Price not found,2026-06-25 06:59:19
EDS-150,amazon,https://www.amazon.in/dp/B0BHHHRZMW,Price not found,2026-06-25 06:59:19
EDF-400,amazon,https://www.amazon.in/dp/B0CH8864W4,Price not found,2026-06-25 06:59:19
EDF-500,amazon,https://www.amazon.in/dp/B0D4DRYQ46,Price not found,2026-06-25 06:59:19
EDF-600,amazon,https://www.amazon.in/dp/B0D4DNQTJR,Price not found,2026-06-26 07:06:40
EDF-400,amazon,https://www.amazon.in/dp/B0CH8864W4,Price not found,2026-06-26 07:06:40
EDF-200,amazon,https://www.amazon.in/dp/B0C1ZG97MN,Price not found,2026-06-26 07:06:40
EDF-300,amazon,https://www.amazon.in/dp/B0CDCGZFKY,Price not found,2026-06-26 07:06:40
EDF-500,amazon,https://www.amazon.in/dp/B0D4DRYQ46,Price not found,2026-06-26 07:06:40
EDF-100,amazon,https://www.amazon.in/dp/B0B59MRG9M,Price not found,2026-06-26 07:06:40
EDF-200,amazon,https://www.amazon.in/dp/B0C1ZG97MN,Price not found,2026-06-27 06:40:54
EDF-100,amazon,https://www.amazon.in/dp/B0B59MRG9M,Price not found,2026-06-27 06:40:54
EDS-150,flipkart,https://www.flipkart.com/trunativ-everyday-sweet-monkfruit-sweetener-1-1-natural-sugar-replacer-diabetic-friendly/p/itm3435f7f5dd56a?pid=ARSGJPVFDEWSMMGJ,Price not found,2026-06-27 06:40:54
EDF-100,amazon,https://www.amazon.in/dp/B0B59MRG9M,Price not found,2026-06-28 07:12:56
EDS-800,amazon,https://www.amazon.in/dp/B0CD7ZBHJJ,Price not found,2026-06-28 07:12:56
EDS-150,amazon,https://www.amazon.in/dp/B0BHHHRZMW,Price not found,2026-06-28 07:12:56
EDS-S-240,amazon,https://www.amazon.in/dp/B0CZP9RQ9X,Price not found,2026-06-28 07:12:56
EDS-400,amazon,https://www.amazon.in/dp/B0BGH5R1F9,Price not found,2026-06-28 07:12:56
EDF-300,amazon,https://www.amazon.in/dp/B0CDCGZFKY,Price not found,2026-06-28 07:12:56
EDF-200,amazon,https://www.amazon.in/dp/B0C1ZG97MN,Price not found,2026-06-28 07:12:56
WI-900,amazon,https://www.amazon.in/dp/B07WGDXGTV,Price not found,2026-06-28 07:12:56
EDF-500,amazon,https://www.amazon.in/dp/B0D4DRYQ46,Price not found,2026-06-28 07:12:56
EDF-400,amazon,https://www.amazon.in/dp/B0CH8864W4,Price not found,2026-06-28 07:12:56
EDS-S-960,amazon,https://www.amazon.in/dp/B0DK5RYBNW,Price not found,2026-06-28 07:12:56
EDS-S-480,amazon,https://www.amazon.in/dp/B0DK5R5L45,Price not found,2026-06-28 07:12:56
EDF-600,amazon,https://www.amazon.in/dp/B0D4DNQTJR,Price not found,2026-06-28 07:12:56
EDS-S-960,amazon,https://www.amazon.in/dp/B0DK5RYBNW,Price not found,2026-06-29 08:30:41
EDF-200,amazon,https://www.amazon.in/dp/B0C1ZG97MN,Price not found,2026-06-29 08:30:41
EDS-S-480,amazon,https://www.amazon.in/dp/B0DK5R5L45,Price not found,2026-06-29 08:30:41
EDF-400,amazon,https://www.amazon.in/dp/B0CH8864W4,Price not found,2026-06-29 08:30:41
EDF-300,amazon,https://www.amazon.in/dp/B0CDCGZFKY,Price not found,2026-06-29 08:30:41
EDPP-400,amazon,https://www.amazon.in/dp/B09N98Q646,Price not found,2026-06-29 08:30:41
EDPP-900,amazon,https://www.amazon.in/dp/B09N91P1B1,Price not found,2026-06-29 08:30:41
EDP-900,amazon,https://www.amazon.in/dp/B09BR6775J,Price not found,2026-06-29 08:30:41
EDS-S-240,amazon,https://www.amazon.in/dp/B0CZP9RQ9X,Price not found,2026-06-29 08:30:41
EDF-500,amazon,https://www.amazon.in/dp/B0D4DRYQ46,Price not found,2026-06-29 08:30:41
EDF-600,amazon,https://www.amazon.in/dp/B0D4DNQTJR,Price not found,2026-06-29 08:30:41
EDS-150,amazon,https://www.amazon.in/dp/B0BHHHRZMW,Price not found,2026-06-29 08:30:41
ACLC-200,amazon,https://www.amazon.in/dp/B0DJGX7L99,Price not found,2026-06-29 08:30:41
WI-900,amazon,https://www.amazon.in/dp/B07WGDXGTV,Price not found,2026-06-29 08:30:41
EDS-400,amazon,https://www.amazon.in/dp/B0BGH5R1F9,Price not found,2026-06-29 08:30:41
ACMC-200,amazon,https://www.amazon.in/dp/B0DJGW5PJ8,Price not found,2026-06-29 08:30:41
EDS-800,amazon,https://www.amazon.in/dp/B0CD7ZBHJJ,Price not found,2026-06-29 08:30:41
ACBL-200,amazon,https://www.amazon.in/dp/B0DJGYGJ98,Price not found,2026-06-29 08:30:41
EDF-100,amazon,https://www.amazon.in/dp/B0B59MRG9M,Price not found,2026-06-29 08:30:41
ACU-200,amazon,https://www.amazon.in/dp/B0DJH12W2R,Price not found,2026-06-29 08:30:41
EDP-400,amazon,https://www.amazon.in/dp/B09BR5JJV2,Price not found,2026-06-29 08:30:41
EDF-400,amazon,https://www.amazon.in/dp/B0CH8864W4,Price not found,2026-06-30 07:06:25
EDS-150,flipkart,https://www.flipkart.com/trunativ-everyday-sweet-monkfruit-sweetener-1-1-natural-sugar-replacer-diabetic-friendly/p/itm3435f7f5dd56a?pid=ARSGJPVFDEWSMMGJ,Price not found,2026-06-30 07:06:25
EDF-600,amazon,https://www.amazon.in/dp/B0D4DNQTJR,Price not found,2026-06-30 07:06:25
EDF-300,amazon,https://www.amazon.in/dp/B0CDCGZFKY,Price not found,2026-06-30 07:06:25
EDF-200,amazon,https://www.amazon.in/dp/B0C1ZG97MN,Price not found,2026-06-30 07:06:25
EDF-500,amazon,https://www.amazon.in/dp/B0D4DRYQ46,Price not found,2026-06-30 07:06:25
EDS-S-480,amazon,https://www.amazon.in/dp/B0DK5R5L45,Price not found,2026-06-30 07:06:25
EDS-150,amazon,https://www.amazon.in/dp/B0BHHHRZMW,Price not found,2026-06-30 07:06:25
EDF-500,amazon,https://www.amazon.in/dp/B0D4DRYQ46,Price not found,2026-07-02 06:53:26
EDS-400,amazon,https://www.amazon.in/dp/B0BGH5R1F9,Price not found,2026-07-02 06:53:26
EDF-200,amazon,https://www.amazon.in/dp/B0C1ZG97MN,Price not found,2026-07-02 06:53:26
EDF-400,amazon,https://www.amazon.in/dp/B0CH8864W4,Price not found,2026-07-02 06:53:26
EDF-300,amazon,https://www.amazon.in/dp/B0CDCGZFKY,Price not found,2026-07-02 06:53:26
EDS-S-240,amazon,https://www.amazon.in/dp/B0CZP9RQ9X,Price not found,2026-07-02 06:53:26
EDS-150,flipkart,https://www.flipkart.com/trunativ-everyday-sweet-monkfruit-sweetener-1-1-natural-sugar-replacer-diabetic-friendly/p/itm3435f7f5dd56a?pid=ARSGJPVFDEWSMMGJ,Price not found,2026-07-02 06:53:26
ACU-200,amazon,https://www.amazon.in/dp/B0DJH12W2R,Price not found,2026-07-02 06:53:26
EDS-S-480,amazon,https://www.amazon.in/dp/B0DK5R5L45,Price not found,2026-07-02 06:53:26
EDS-150,amazon,https://www.amazon.in/dp/B0BHHHRZMW,Price not found,2026-07-02 06:53:26
ACLC-200,amazon,https://www.amazon.in/dp/B0DJGX7L99,Price not found,2026-07-02 06:53:26
EDF-100,amazon,https://www.amazon.in/dp/B0B59MRG9M,Price not found,2026-07-02 06:53:26
ACMC-200,amazon,https://www.amazon.in/dp/B0DJGW5PJ8,Price not found,2026-07-02 06:53:26
EDP-900,amazon,https://www.amazon.in/dp/B09BR6775J,Price not found,2026-07-02 06:53:26
EDF-600,amazon,https://www.amazon.in/dp/B0D4DNQTJR,Price not found,2026-07-02 06:53:26
EDP-400,amazon,https://www.amazon.in/dp/B09BR5JJV2,Price not found,2026-07-02 06:53:26
EDPP-900,amazon,https://www.amazon.in/dp/B09N91P1B1,Price not found,2026-07-02 06:53:26
EDPP-400,amazon,https://www.amazon.in/dp/B09N98Q646,Price not found,2026-07-02 06:53:26
WI-900,amazon,https://www.amazon.in/dp/B07WGDXGTV,Price not found,2026-07-02 06:53:26
EDS-800,amazon,https://www.amazon.in/dp/B0CD7ZBHJJ,Price not found,2026-07-02 06:53:26
PRO-RM-907,amazon,https://www.amazon.in/dp/B0DQ4YTG9P,Price not found,2026-07-03 06:45:40
PRO-BN-907,amazon,https://www.amazon.in/dp/B0GHN4ZJL2,Price not found,2026-07-03 06:45:40
WI-900,amazon,https://www.amazon.in/dp/B07WGDXGTV,Price not found,2026-07-03 06:45:40
PRO-SB-S-216,amazon,https://www.amazon.in/dp/B0F1TVH298,Price not found,2026-07-03 06:45:40
ACBL-200,amazon,https://www.amazon.in/dp/B0DJGYGJ98,Price not found,2026-07-03 06:45:40
EDF-100,amazon,https://www.amazon.in/dp/B0B59MRG9M,Price not found,2026-07-03 06:45:40
PRO-RM-S-216,amazon,https://www.amazon.in/dp/B0F24SY2J7,Price not found,2026-07-03 06:45:40
EDF-500,amazon,https://www.amazon.in/dp/B0D4DRYQ46,Price not found,2026-07-03 06:45:40
EDS-400,amazon,https://www.amazon.in/dp/B0BGH5R1F9,Price not found,2026-07-03 06:45:40
ACLC-200,amazon,https://www.amazon.in/dp/B0DJGX7L99,Price not found,2026-07-03 06:45:40
ACMC-S-60,amazon,https://www.amazon.in/dp/B0DNK8H86J,Price not found,2026-07-03 06:45:40
EDF-400,amazon,https://www.amazon.in/dp/B0CH8864W4,Price not found,2026-07-03 06:45:40
ACU-200,amazon,https://www.amazon.in/dp/B0DJH12W2R,Price not found,2026-07-03 06:45:40
ACBL-S-60,amazon,https://www.amazon.in/dp/B0DNK41LM8,Price not found,2026-07-03 06:45:40
PRO-MG-S-216,amazon,https://www.amazon.in/dp/B0F1TYY4JH,Price not found,2026-07-03 06:45:40
ACLC-S-60,amazon,https://www.amazon.in/dp/B0DNK35HBV,Price not found,2026-07-03 06:45:40
PRO-KB-907,amazon,https://www.amazon.in/dp/B0DQ4VBKJW,Price not found,2026-07-03 06:45:40
EDF-600,amazon,https://www.amazon.in/dp/B0D4DNQTJR,Price not found,2026-07-03 06:45:40
PRO-CM-S-216,amazon,https://www.amazon.in/dp/B0F1TTPK58,Price not found,2026-07-03 06:45:40
EDS-150,amazon,https://www.amazon.in/dp/B0BHHHRZMW,Price not found,2026-07-03 06:45:40
EDP-900,amazon,https://www.amazon.in/dp/B09BR6775J,Price not found,2026-07-03 06:45:40
PRO-MG-907,amazon,https://www.amazon.in/dp/B0DQ4XSMTQ,Price not found,2026-07-03 06:45:40
EDS-800,amazon,https://www.amazon.in/dp/B0CD7ZBHJJ,Price not found,2026-07-03 06:45:40
ACU-S-60,amazon,https://www.amazon.in/dp/B0DNK8G8RQ,Price not found,2026-07-03 06:45:40
PRO-CC-907,amazon,https://www.amazon.in/dp/B0DQ52JW4W,Price not found,2026-07-03 06:45:40
PRO-KB-S-216,amazon,https://www.amazon.in/dp/B0F24R78RY,Price not found,2026-07-03 06:45:40
PRO-CM-907,amazon,https://www.amazon.in/dp/B0DQ534GVQ,Price not found,2026-07-03 06:45:40
EDPP-400,amazon,https://www.amazon.in/dp/B09N98Q646,Price not found,2026-07-03 06:45:40
PRO-SB-907,amazon,https://www.amazon.in/dp/B0DQ4YPXF4,Price not found,2026-07-03 06:45:40
EDP-400,amazon,https://www.amazon.in/dp/B09BR5JJV2,Price not found,2026-07-03 06:45:40
EDS-S-960,amazon,https://www.amazon.in/dp/B0DK5RYBNW,Price not found,2026-07-03 06:45:40
EDS-150,flipkart,https://www.flipkart.com/trunativ-everyday-sweet-monkfruit-sweetener-1-1-natural-sugar-replacer-diabetic-friendly/p/itm3435f7f5dd56a?pid=ARSGJPVFDEWSMMGJ,Price not found,2026-07-03 06:45:40
PRO-CC-S-216,amazon,https://www.amazon.in/dp/B0F24KKCDJ,Price not found,2026-07-03 06:45:40
EDS-S-480,amazon,https://www.amazon.in/dp/B0DK5R5L45,Price not found,2026-07-03 06:45:40
EDS-S-240,amazon,https://www.amazon.in/dp/B0CZP9RQ9X,Price not found,2026-07-03 06:45:40
EDF-300,amazon,https://www.amazon.in/dp/B0CDCGZFKY,Price not found,2026-07-03 06:45:40
EDF-200,amazon,https://www.amazon.in/dp/B0C1ZG97MN,Price not found,2026-07-03 06:45:40
EDPP-900,amazon,https://www.amazon.in/dp/B09N91P1B1,Price not found,2026-07-03 06:45:40
CREATINE-100,amazon,https://www.amazon.in/dp/B0F3P7WZ9Y,Price not found,2026-07-03 06:45:40
EDP-400,amazon,https://www.amazon.in/dp/B09BR5JJV2,Price not found,2026-07-04 06:32:49
EDF-100,amazon,https://www.amazon.in/dp/B0B59MRG9M,Price not found,2026-07-04 06:32:49
ACU-S-60,amazon,https://www.amazon.in/dp/B0DNK8G8RQ,Price not found,2026-07-04 06:32:49
EDS-S-960,amazon,https://www.amazon.in/dp/B0DK5RYBNW,Price not found,2026-07-04 06:32:49
EDS-400,amazon,https://www.amazon.in/dp/B0BGH5R1F9,Price not found,2026-07-04 06:32:49
EDS-S-240,amazon,https://www.amazon.in/dp/B0CZP9RQ9X,Price not found,2026-07-04 06:32:49
EDF-300,amazon,https://www.amazon.in/dp/B0CDCGZFKY,Price not found,2026-07-04 06:32:49
EDF-500,amazon,https://www.amazon.in/dp/B0D4DRYQ46,Price not found,2026-07-04 06:32:49
EDS-S-480,amazon,https://www.amazon.in/dp/B0DK5R5L45,Price not found,2026-07-04 06:32:49
WI-900,amazon,https://www.amazon.in/dp/B07WGDXGTV,Price not found,2026-07-04 06:32:49
EDF-200,amazon,https://www.amazon.in/dp/B0C1ZG97MN,Price not found,2026-07-04 06:32:49
EDF-400,amazon,https://www.amazon.in/dp/B0CH8864W4,Price not found,2026-07-04 06:32:49
PRO-SB-907,amazon,https://www.amazon.in/dp/B0DQ4YPXF4,Price not found,2026-07-04 06:32:49
EDS-150,amazon,https://www.amazon.in/dp/B0BHHHRZMW,Price not found,2026-07-04 06:32:49
EDS-800,amazon,https://www.amazon.in/dp/B0CD7ZBHJJ,Price not found,2026-07-04 06:32:49
ACLC-S-60,amazon,https://www.amazon.in/dp/B0DNK35HBV,Price not found,2026-07-04 06:32:49
EDF-600,amazon,https://www.amazon.in/dp/B0D4DNQTJR,Price not found,2026-07-04 06:32:49
ACMC-200,amazon,https://www.amazon.in/dp/B0DJGW5PJ8,Price not found,2026-07-04 06:32:49
ACBL-200,amazon,https://www.amazon.in/dp/B0DJGYGJ98,Price not found,2026-07-04 06:32:49
ACU-200,amazon,https://www.amazon.in/dp/B0DJH12W2R,Price not found,2026-07-04 06:32:49
PRO-MG-907,amazon,https://www.amazon.in/dp/B0DQ4XSMTQ,Price not found,2026-07-04 06:32:49
PRO-CC-907,amazon,https://www.amazon.in/dp/B0DQ52JW4W,Price not found,2026-07-04 06:32:49
EDP-900,amazon,https://www.amazon.in/dp/B09BR6775J,Price not found,2026-07-04 06:32:49
ACBL-S-60,amazon,https://www.amazon.in/dp/B0DNK41LM8,Price not found,2026-07-04 06:32:49
PRO-KB-907,amazon,https://www.amazon.in/dp/B0DQ4VBKJW,Price not found,2026-07-04 06:32:49
ACMC-S-60,amazon,https://www.amazon.in/dp/B0DNK8H86J,Price not found,2026-07-04 06:32:49
ACLC-200,amazon,https://www.amazon.in/dp/B0DJGX7L99,Price not found,2026-07-04 06:32:49
EDPP-900,amazon,https://www.amazon.in/dp/B09N91P1B1,Price not found,2026-07-04 06:32:49
EDPP-400,amazon,https://www.amazon.in/dp/B09N98Q646,Price not found,2026-07-04 06:32:49
PRO-RM-907,amazon,https://www.amazon.in/dp/B0DQ4YTG9P,Price not found,2026-07-04 06:32:49
EDS-S-480,amazon,https://www.amazon.in/dp/B0DK5R5L45,Price not found,2026-07-05 06:53:23
EDS-400,amazon,https://www.amazon.in/dp/B0BGH5R1F9,Price not found,2026-07-05 06:53:23
EDF-400,amazon,https://www.amazon.in/dp/B0CH8864W4,Price not found,2026-07-05 06:53:23
ACLC-200,amazon,https://www.amazon.in/dp/B0DJGX7L99,Price not found,2026-07-05 06:53:23
EDS-800,amazon,https://www.amazon.in/dp/B0CD7ZBHJJ,Price not found,2026-07-05 06:53:23
EDS-150,amazon,https://www.amazon.in/dp/B0BHHHRZMW,Price not found,2026-07-05 06:53:23
EDF-300,amazon,https://www.amazon.in/dp/B0CDCGZFKY,Price not found,2026-07-05 06:53:23
EDPP-400,amazon,https://www.amazon.in/dp/B09N98Q646,Price not found,2026-07-05 06:53:23
EDF-100,amazon,https://www.amazon.in/dp/B0B59MRG9M,Price not found,2026-07-05 06:53:23
EDF-600,amazon,https://www.amazon.in/dp/B0D4DNQTJR,Price not found,2026-07-05 06:53:23
EDS-S-960,amazon,https://www.amazon.in/dp/B0DK5RYBNW,Price not found,2026-07-05 06:53:23
EDS-150,flipkart,https://www.flipkart.com/trunativ-everyday-sweet-monkfruit-sweetener-1-1-natural-sugar-replacer-diabetic-friendly/p/itm3435f7f5dd56a?pid=ARSGJPVFDEWSMMGJ,Price not found,2026-07-05 06:53:23
EDPP-900,amazon,https://www.amazon.in/dp/B09N91P1B1,Price not found,2026-07-05 06:53:23
ACBL-200,amazon,https://www.amazon.in/dp/B0DJGYGJ98,Price not found,2026-07-05 06:53:23
EDP-400,amazon,https://www.amazon.in/dp/B09BR5JJV2,Price not found,2026-07-05 06:53:23
EDP-900,amazon,https://www.amazon.in/dp/B09BR6775J,Price not found,2026-07-05 06:53:23
WI-900,amazon,https://www.amazon.in/dp/B07WGDXGTV,Price not found,2026-07-05 06:53:23
EDF-500,amazon,https://www.amazon.in/dp/B0D4DRYQ46,Price not found,2026-07-05 06:53:23
EDF-200,amazon,https://www.amazon.in/dp/B0C1ZG97MN,Price not found,2026-07-05 06:53:23
EDS-S-240,amazon,https://www.amazon.in/dp/B0CZP9RQ9X,Price not found,2026-07-05 06:53:23
ACMC-200,amazon,https://www.amazon.in/dp/B0DJGW5PJ8,Price not found,2026-07-05 06:53:23
EDS-150,flipkart,https://www.flipkart.com/trunativ-everyday-sweet-monkfruit-sweetener-1-1-natural-sugar-replacer-diabetic-friendly/p/itm3435f7f5dd56a?pid=ARSGJPVFDEWSMMGJ,Price not found,2026-07-06 08:00:06
PRO-CM-S-216,amazon,https://www.amazon.in/dp/B0F1TTPK58,Price not found,2026-07-06 08:00:06
PRO-SB-S-216,amazon,https://www.amazon.in/dp/B0F1TVH298,Price not found,2026-07-06 08:00:06
CREATINE-100,amazon,https://www.amazon.in/dp/B0F3P7WZ9Y,Price not found,2026-07-06 08:00:06
EDPP-400,amazon,https://www.amazon.in/dp/B09N98Q646,Price not found,2026-07-07 06:59:33
EDF-200,amazon,https://www.amazon.in/dp/B0C1ZG97MN,Price not found,2026-07-07 06:59:33
ACLC-200,amazon,https://www.amazon.in/dp/B0DJGX7L99,Price not found,2026-07-07 06:59:33
EDPP-900,amazon,https://www.amazon.in/dp/B09N91P1B1,Price not found,2026-07-07 06:59:33
EDS-400,amazon,https://www.amazon.in/dp/B0BGH5R1F9,Price not found,2026-07-07 06:59:33
EDP-400,amazon,https://www.amazon.in/dp/B09BR5JJV2,Price not found,2026-07-07 06:59:33
EDS-800,amazon,https://www.amazon.in/dp/B0CD7ZBHJJ,Price not found,2026-07-07 06:59:33
EDP-900,amazon,https://www.amazon.in/dp/B09BR6775J,Price not found,2026-07-07 06:59:33
WI-900,amazon,https://www.amazon.in/dp/B07WGDXGTV,Price not found,2026-07-07 06:59:33
EDS-S-960,amazon,https://www.amazon.in/dp/B0DK5RYBNW,Price not found,2026-07-07 06:59:33
EDF-300,amazon,https://www.amazon.in/dp/B0CDCGZFKY,Price not found,2026-07-07 06:59:33
EDF-600,amazon,https://www.amazon.in/dp/B0D4DNQTJR,Price not found,2026-07-07 06:59:33
EDF-100,amazon,https://www.amazon.in/dp/B0B59MRG9M,Price not found,2026-07-07 06:59:33
EDF-500,amazon,https://www.amazon.in/dp/B0D4DRYQ46,Price not found,2026-07-07 06:59:33
EDS-S-480,amazon,https://www.amazon.in/dp/B0DK5R5L45,Price not found,2026-07-07 06:59:33
EDS-S-240,amazon,https://www.amazon.in/dp/B0CZP9RQ9X,Price not found,2026-07-07 06:59:33
EDS-150,amazon,https://www.amazon.in/dp/B0BHHHRZMW,Price not found,2026-07-07 06:59:33
EDF-400,amazon,https://www.amazon.in/dp/B0CH8864W4,Price not found,2026-07-07 06:59:33
EDS-S-240,amazon,https://www.amazon.in/dp/B0CZP9RQ9X,Price not found,2026-07-08 06:11:08
EDF-100,amazon,https://www.amazon.in/dp/B0B59MRG9M,Price not found,2026-07-08 06:11:08
EDS-150,amazon,https://www.amazon.in/dp/B0BHHHRZMW,Price not found,2026-07-08 06:11:08
EDF-400,amazon,https://www.amazon.in/dp/B0CH8864W4,Price not found,2026-07-08 06:11:08
EDF-600,amazon,https://www.amazon.in/dp/B0D4DNQTJR,Price not found,2026-07-08 06:11:08
EDF-500,amazon,https://www.amazon.in/dp/B0D4DRYQ46,Price not found,2026-07-08 06:11:08
EDF-300,amazon,https://www.amazon.in/dp/B0CDCGZFKY,Price not found,2026-07-08 06:11:08
EDS-S-480,amazon,https://www.amazon.in/dp/B0DK5R5L45,Price not found,2026-07-08 06:11:08
EDF-200,amazon,https://www.amazon.in/dp/B0C1ZG97MN,Price not found,2026-07-08 06:11:08
EDF-500,amazon,https://www.amazon.in/dp/B0D4DRYQ46,Price not found,2026-07-09 06:59:32
EDS-150,amazon,https://www.amazon.in/dp/B0BHHHRZMW,Price not found,2026-07-09 06:59:32
EDF-600,amazon,https://www.amazon.in/dp/B0D4DNQTJR,Price not found,2026-07-09 06:59:32
EDF-400,amazon,https://www.amazon.in/dp/B0CH8864W4,Price not found,2026-07-09 06:59:32
EDF-300,amazon,https://www.amazon.in/dp/B0CDCGZFKY,Price not found,2026-07-09 06:59:32
EDF-100,amazon,https://www.amazon.in/dp/B0B59MRG9M,Price not found,2026-07-09 06:59:32
EDF-200,amazon,https://www.amazon.in/dp/B0C1ZG97MN,Price not found,2026-07-09 06:59:32
EDS-150,flipkart,https://www.flipkart.com/trunativ-everyday-sweet-monkfruit-sweetener-1-1-natural-sugar-replacer-diabetic-friendly/p/itm3435f7f5dd56a?pid=ARSGJPVFDEWSMMGJ,Price not found,2026-07-09 06:59:32
EDF-100,amazon,https://www.amazon.in/dp/B0B59MRG9M,Price not found,2026-07-10 06:59:23
EDF-300,amazon,https://www.amazon.in/dp/B0CDCGZFKY,Price not found,2026-07-11 05:56:50
EDF-200,amazon,https://www.amazon.in/dp/B0C1ZG97MN,Price not found,2026-07-11 05:56:50
EDF-100,amazon,https://www.amazon.in/dp/B0B59MRG9M,Price not found,2026-07-11 05:56:50
EDF-200,amazon,https://www.amazon.in/dp/B0C1ZG97MN,Price not found,2026-07-12 06:16:49
EDF-400,amazon,https://www.amazon.in/dp/B0CH8864W4,Price not found,2026-07-12 06:16:49
EDF-100,amazon,https://www.amazon.in/dp/B0B59MRG9M,Price not found,2026-07-12 06:16:49
EDF-300,amazon,https://www.amazon.in/dp/B0CDCGZFKY,Price not found,2026-07-12 06:16:49
EDF-500,amazon,https://www.amazon.in/dp/B0D4DRYQ46,Price not found,2026-07-12 06:16:49
EDF-600,amazon,https://www.amazon.in/dp/B0D4DNQTJR,Price not found,2026-07-12 06:16:49
EDF-500,amazon,https://www.amazon.in/dp/B0D4DRYQ46,Price not found,2026-07-13 06:36:12
EDS-S-240,amazon,https://www.amazon.in/dp/B0CZP9RQ9X,Price not found,2026-07-13 06:36:12
EDS-S-480,amazon,https://www.amazon.in/dp/B0DK5R5L45,Price not found,2026-07-13 06:36:12
EDF-600,amazon,https://www.amazon.in/dp/B0D4DNQTJR,Price not found,2026-07-13 06:36:12
EDS-150,amazon,https://www.amazon.in/dp/B0BHHHRZMW,Price not found,2026-07-13 06:36:12
EDF-100,amazon,https://www.amazon.in/dp/B0B59MRG9M,Price not found,2026-07-13 06:36:12
EDS-150,flipkart,https://www.flipkart.com/trunativ-everyday-sweet-monkfruit-sweetener-1-1-natural-sugar-replacer-diabetic-friendly/p/itm3435f7f5dd56a?pid=ARSGJPVFDEWSMMGJ,Price not found,2026-07-13 06:36:12
EDF-400,amazon,https://www.amazon.in/dp/B0CH8864W4,Price not found,2026-07-13 06:36:12
EDF-300,amazon,https://www.amazon.in/dp/B0CDCGZFKY,Price not found,2026-07-13 06:36:12
EDF-200,amazon,https://www.amazon.in/dp/B0C1ZG97MN,Price not found,2026-07-13 06:36:12
EDS-S-480,amazon,https://www.amazon.in/dp/B0DK5R5L45,Price not found,2026-07-14 05:44:35
EDS-150,amazon,https://www.amazon.in/dp/B0BHHHRZMW,Price not found,2026-07-14 05:44:35
EDF-400,amazon,https://www.amazon.in/dp/B0CH8864W4,Price not found,2026-07-14 05:44:35
EDF-500,amazon,https://www.amazon.in/dp/B0D4DRYQ46,Price not found,2026-07-14 05:44:35
EDF-300,amazon,https://www.amazon.in/dp/B0CDCGZFKY,Price not found,2026-07-14 05:44:35
EDF-200,amazon,https://www.amazon.in/dp/B0C1ZG97MN,Price not found,2026-07-14 05:44:35
EDS-800,amazon,https://www.amazon.in/dp/B0CD7ZBHJJ,Price not found,2026-07-14 05:44:35
EDF-600,amazon,https://www.amazon.in/dp/B0D4DNQTJR,Price not found,2026-07-14 05:44:35
ACU-200,amazon,https://www.amazon.in/dp/B0DJH12W2R,Price not found,2026-07-14 05:44:35
WI-900,amazon,https://www.amazon.in/dp/B07WGDXGTV,Price not found,2026-07-14 05:44:35
PRO-MG-S-216,amazon,https://www.amazon.in/dp/B0F1TYY4JH,Price not found,2026-07-14 05:44:35
EDP-900,amazon,https://www.amazon.in/dp/B09BR6775J,Price not found,2026-07-14 05:44:35
EDS-150,flipkart,https://www.flipkart.com/trunativ-everyday-sweet-monkfruit-sweetener-1-1-natural-sugar-replacer-diabetic-friendly/p/itm3435f7f5dd56a?pid=ARSGJPVFDEWSMMGJ,Price not found,2026-07-14 05:44:35
EDS-400,amazon,https://www.amazon.in/dp/B0BGH5R1F9,Price not found,2026-07-14 05:44:35
EDF-100,amazon,https://www.amazon.in/dp/B0B59MRG9M,Price not found,2026-07-14 05:44:35
PRO-MG-907,amazon,https://www.amazon.in/dp/B0DQ4XSMTQ,Price not found,2026-07-14 05:44:35
ACMC-S-60,amazon,https://www.amazon.in/dp/B0DNK8H86J,Price not found,2026-07-14 05:44:35
ACLC-S-60,amazon,https://www.amazon.in/dp/B0DNK35HBV,Price not found,2026-07-14 05:44:35
EDS-S-240,amazon,https://www.amazon.in/dp/B0CZP9RQ9X,Price not found,2026-07-14 05:44:35
EDPP-400,amazon,https://www.amazon.in/dp/B09N98Q646,Price not found,2026-07-14 05:44:35
EDP-400,amazon,https://www.amazon.in/dp/B09BR5JJV2,Price not found,2026-07-14 05:44:35
PRO-KB-907,amazon,https://www.amazon.in/dp/B0DQ4VBKJW,Price not found,2026-07-14 05:44:35
ACLC-200,amazon,https://www.amazon.in/dp/B0DJGX7L99,Price not found,2026-07-14 05:44:35
PRO-RM-907,amazon,https://www.amazon.in/dp/B0DQ4YTG9P,Price not found,2026-07-14 05:44:35
PRO-CC-907,amazon,https://www.amazon.in/dp/B0DQ52JW4W,Price not found,2026-07-14 05:44:35
EDS-S-960,amazon,https://www.amazon.in/dp/B0DK5RYBNW,Price not found,2026-07-14 05:44:35
ACMC-200,amazon,https://www.amazon.in/dp/B0DJGW5PJ8,Price not found,2026-07-14 05:44:35
ACBL-S-60,amazon,https://www.amazon.in/dp/B0DNK41LM8,Price not found,2026-07-14 05:44:35
ACBL-200,amazon,https://www.amazon.in/dp/B0DJGYGJ98,Price not found,2026-07-14 05:44:35
ACU-S-60,amazon,https://www.amazon.in/dp/B0DNK8G8RQ,Price not found,2026-07-14 05:44:35
EDPP-900,amazon,https://www.amazon.in/dp/B09N91P1B1,Price not found,2026-07-14 05:44:35
EDS-S-480,amazon,https://www.amazon.in/dp/B0DK5R5L45,Price not found,2026-07-15 05:45:35
EDF-200,amazon,https://www.amazon.in/dp/B0C1ZG97MN,Price not found,2026-07-15 05:45:35
EDF-600,amazon,https://www.amazon.in/dp/B0D4DNQTJR,Price not found,2026-07-15 05:45:35
EDS-400,amazon,https://www.amazon.in/dp/B0BGH5R1F9,Price not found,2026-07-15 05:45:35
EDF-500,amazon,https://www.amazon.in/dp/B0D4DRYQ46,Price not found,2026-07-15 05:45:35
EDS-S-240,amazon,https://www.amazon.in/dp/B0CZP9RQ9X,Price not found,2026-07-15 05:45:35
EDS-150,amazon,https://www.amazon.in/dp/B0BHHHRZMW,Price not found,2026-07-15 05:45:35
EDF-100,amazon,https://www.amazon.in/dp/B0B59MRG9M,Price not found,2026-07-15 05:45:35
EDF-400,amazon,https://www.amazon.in/dp/B0CH8864W4,Price not found,2026-07-15 05:45:35
EDF-300,amazon,https://www.amazon.in/dp/B0CDCGZFKY,Price not found,2026-07-15 05:45:35
EDS-S-960,amazon,https://www.amazon.in/dp/B0DK5RYBNW,Price not found,2026-07-15 05:45:35
EDS-S-240,amazon,https://www.amazon.in/dp/B0CZP9RQ9X,Price not found,2026-07-16 05:58:36
EDF-300,amazon,https://www.amazon.in/dp/B0CDCGZFKY,Price not found,2026-07-16 05:58:36
EDF-400,amazon,https://www.amazon.in/dp/B0CH8864W4,Price not found,2026-07-16 05:58:36
EDS-S-960,amazon,https://www.amazon.in/dp/B0DK5RYBNW,Price not found,2026-07-16 05:58:36
EDF-600,amazon,https://www.amazon.in/dp/B0D4DNQTJR,Price not found,2026-07-16 05:58:36
EDF-500,amazon,https://www.amazon.in/dp/B0D4DRYQ46,Price not found,2026-07-16 05:58:36
EDF-200,amazon,https://www.amazon.in/dp/B0C1ZG97MN,Price not found,2026-07-16 05:58:36
EDF-100,amazon,https://www.amazon.in/dp/B0B59MRG9M,Price not found,2026-07-16 05:58:36
ACU-200,amazon,https://www.amazon.in/dp/B0DJH12W2R,Price not found,2026-07-16 05:58:36
EDS-150,amazon,https://www.amazon.in/dp/B0BHHHRZMW,Price not found,2026-07-16 05:58:36
ACLC-S-60,amazon,https://www.amazon.in/dp/B0DNK35HBV,Price not found,2026-07-16 05:58:36
ACLC-200,amazon,https://www.amazon.in/dp/B0DJGX7L99,Price not found,2026-07-16 05:58:36
EDS-800,amazon,https://www.amazon.in/dp/B0CD7ZBHJJ,Price not found,2026-07-16 05:58:36
EDS-S-480,amazon,https://www.amazon.in/dp/B0DK5R5L45,Price not found,2026-07-16 05:58:36
ACBL-200,amazon,https://www.amazon.in/dp/B0DJGYGJ98,Price not found,2026-07-16 05:58:36
WI-900,amazon,https://www.amazon.in/dp/B07WGDXGTV,Price not found,2026-07-16 05:58:36
EDP-400,amazon,https://www.amazon.in/dp/B09BR5JJV2,Price not found,2026-07-16 05:58:36
EDP-900,amazon,https://www.amazon.in/dp/B09BR6775J,Price not found,2026-07-16 05:58:36
EDPP-900,amazon,https://www.amazon.in/dp/B09N91P1B1,Price not found,2026-07-16 05:58:36
EDPP-400,amazon,https://www.amazon.in/dp/B09N98Q646,Price not found,2026-07-16 05:58:36
ACMC-200,amazon,https://www.amazon.in/dp/B0DJGW5PJ8,Price not found,2026-07-16 05:58:36
EDS-400,amazon,https://www.amazon.in/dp/B0BGH5R1F9,Price not found,2026-07-16 05:58:36
PRO-CC-S-216,amazon,https://www.amazon.in/dp/B0F24KKCDJ,Price not found,2026-07-17 05:58:57
PRO-KB-S-216,amazon,https://www.amazon.in/dp/B0F24R78RY,Price not found,2026-07-17 05:58:57
PRO-CC-907,amazon,https://www.amazon.in/dp/B0DQ52JW4W,Price not found,2026-07-17 05:58:57
PRO-RM-907,amazon,https://www.amazon.in/dp/B0DQ4YTG9P,Price not found,2026-07-17 05:58:57
PRO-CM-907,amazon,https://www.amazon.in/dp/B0DQ534GVQ,Price not found,2026-07-17 05:58:57
ACU-S-60,amazon,https://www.amazon.in/dp/B0DNK8G8RQ,Price not found,2026-07-17 05:58:57
EDP-400,amazon,https://www.amazon.in/dp/B09BR5JJV2,Price not found,2026-07-17 05:58:57
PRO-SB-S-216,amazon,https://www.amazon.in/dp/B0F1TVH298,Price not found,2026-07-17 05:58:57
PRO-KB-907,amazon,https://www.amazon.in/dp/B0DQ4VBKJW,Price not found,2026-07-17 05:58:57
ACU-200,amazon,https://www.amazon.in/dp/B0DJH12W2R,Price not found,2026-07-17 05:58:57
PRO-BN-907,amazon,https://www.amazon.in/dp/B0GHN4ZJL2,Price not found,2026-07-17 05:58:57
WI-900,amazon,https://www.amazon.in/dp/B07WGDXGTV,Price not found,2026-07-17 05:58:57
PRO-SB-907,amazon,https://www.amazon.in/dp/B0DQ4YPXF4,Price not found,2026-07-17 05:58:57
ACMC-S-60,amazon,https://www.amazon.in/dp/B0DNK8H86J,Price not found,2026-07-17 05:58:57
ACMC-200,amazon,https://www.amazon.in/dp/B0DJGW5PJ8,Price not found,2026-07-17 05:58:57
PRO-MG-907,amazon,https://www.amazon.in/dp/B0DQ4XSMTQ,Price not found,2026-07-17 05:58:57
PRO-MG-S-216,amazon,https://www.amazon.in/dp/B0F1TYY4JH,Price not found,2026-07-17 05:58:57
ACBL-S-60,amazon,https://www.amazon.in/dp/B0DNK41LM8,Price not found,2026-07-17 05:58:57
EDF-300,amazon,https://www.amazon.in/dp/B0CDCGZFKY,Price not found,2026-07-17 05:58:57
PRO-RM-S-216,amazon,https://www.amazon.in/dp/B0F24SY2J7,Price not found,2026-07-17 05:58:57
EDF-400,amazon,https://www.amazon.in/dp/B0CH8864W4,Price not found,2026-07-17 05:58:57
ACLC-S-60,amazon,https://www.amazon.in/dp/B0DNK35HBV,Price not found,2026-07-17 05:58:57
EDS-150,amazon,https://www.amazon.in/dp/B0BHHHRZMW,Price not found,2026-07-17 05:58:57
EDS-S-240,amazon,https://www.amazon.in/dp/B0CZP9RQ9X,Price not found,2026-07-17 05:58:57
EDF-100,amazon,https://www.amazon.in/dp/B0B59MRG9M,Price not found,2026-07-17 05:58:57
EDF-200,amazon,https://www.amazon.in/dp/B0C1ZG97MN,Price not found,2026-07-17 05:58:57
EDS-S-480,amazon,https://www.amazon.in/dp/B0DK5R5L45,Price not found,2026-07-17 05:58:57
EDF-600,amazon,https://www.amazon.in/dp/B0D4DNQTJR,Price not found,2026-07-17 05:58:57
EDF-500,amazon,https://www.amazon.in/dp/B0D4DRYQ46,Price not found,2026-07-17 05:58:57
CREATINE-100,amazon,https://www.amazon.in/dp/B0F3P7WZ9Y,Price not found,2026-07-17 05:58:57
EDS-800,amazon,https://www.amazon.in/dp/B0CD7ZBHJJ,Price not found,2026-07-17 05:58:57
PRO-CM-S-216,amazon,https://www.amazon.in/dp/B0F1TTPK58,Price not found,2026-07-17 05:58:57
EDP-900,amazon,https://www.amazon.in/dp/B09BR6775J,Price not found,2026-07-17 05:58:57
EDS-400,amazon,https://www.amazon.in/dp/B0BGH5R1F9,Price not found,2026-07-17 05:58:57
EDPP-400,amazon,https://www.amazon.in/dp/B09N98Q646,Price not found,2026-07-17 05:58:57
ACBL-200,amazon,https://www.amazon.in/dp/B0DJGYGJ98,Price not found,2026-07-17 05:58:57
EDS-S-960,amazon,https://www.amazon.in/dp/B0DK5RYBNW,Price not found,2026-07-17 05:58:57
ACLC-200,amazon,https://www.amazon.in/dp/B0DJGX7L99,Price not found,2026-07-17 05:58:57
EDPP-900,amazon,https://www.amazon.in/dp/B09N91P1B1,Price not found,2026-07-17 05:58:57
EDS-150,amazon,https://www.amazon.in/dp/B0BHHHRZMW,Price not found,2026-07-18 05:41:15
EDF-600,amazon,https://www.amazon.in/dp/B0D4DNQTJR,Price not found,2026-07-18 05:41:15
PRO-KB-S-216,amazon,https://www.amazon.in/dp/B0F24R78RY,Price not found,2026-07-18 05:41:15
EDF-400,amazon,https://www.amazon.in/dp/B0CH8864W4,Price not found,2026-07-18 05:41:15
EDS-S-240,amazon,https://www.amazon.in/dp/B0CZP9RQ9X,Price not found,2026-07-18 05:41:15
EDF-200,amazon,https://www.amazon.in/dp/B0C1ZG97MN,Price not found,2026-07-18 05:41:15
PRO-CM-S-216,amazon,https://www.amazon.in/dp/B0F1TTPK58,Price not found,2026-07-18 05:41:15
EDF-500,amazon,https://www.amazon.in/dp/B0D4DRYQ46,Price not found,2026-07-18 05:41:15
CREATINE-100,amazon,https://www.amazon.in/dp/B0F3P7WZ9Y,Price not found,2026-07-18 05:41:15
WI-900,amazon,https://www.amazon.in/dp/B07WGDXGTV,Price not found,2026-07-18 05:41:15
EDP-400,amazon,https://www.amazon.in/dp/B09BR5JJV2,Price not found,2026-07-18 05:41:15
EDPP-400,amazon,https://www.amazon.in/dp/B09N98Q646,Price not found,2026-07-18 05:41:15
EDPP-900,amazon,https://www.amazon.in/dp/B09N91P1B1,Price not found,2026-07-18 05:41:15
ACBL-200,amazon,https://www.amazon.in/dp/B0DJGYGJ98,Price not found,2026-07-18 05:41:15
EDS-400,amazon,https://www.amazon.in/dp/B0BGH5R1F9,Price not found,2026-07-18 05:41:15
EDF-100,amazon,https://www.amazon.in/dp/B0B59MRG9M,Price not found,2026-07-18 05:41:15
EDS-800,amazon,https://www.amazon.in/dp/B0CD7ZBHJJ,Price not found,2026-07-18 05:41:15
EDF-300,amazon,https://www.amazon.in/dp/B0CDCGZFKY,Price not found,2026-07-18 05:41:15
PRO-CM-907,amazon,https://www.amazon.in/dp/B0DQ534GVQ,Price not found,2026-07-18 05:41:15
EDP-900,amazon,https://www.amazon.in/dp/B09BR6775J,Price not found,2026-07-18 05:41:15
ACU-S-60,amazon,https://www.amazon.in/dp/B0DNK8G8RQ,Price not found,2026-07-18 05:41:15
EDS-S-480,amazon,https://www.amazon.in/dp/B0DK5R5L45,Price not found,2026-07-18 05:41:15
PRO-SB-S-216,amazon,https://www.amazon.in/dp/B0F1TVH298,Price not found,2026-07-18 05:41:15
PRO-KB-907,amazon,https://www.amazon.in/dp/B0DQ4VBKJW,Price not found,2026-07-18 05:41:15
ACLC-S-60,amazon,https://www.amazon.in/dp/B0DNK35HBV,Price not found,2026-07-18 05:41:15
ACMC-S-60,amazon,https://www.amazon.in/dp/B0DNK8H86J,Price not found,2026-07-18 05:41:15
ACBL-S-60,amazon,https://www.amazon.in/dp/B0DNK41LM8,Price not found,2026-07-18 05:41:15
ACLC-200,amazon,https://www.amazon.in/dp/B0DJGX7L99,Price not found,2026-07-18 05:41:15
PRO-SB-907,amazon,https://www.amazon.in/dp/B0DQ4YPXF4,Price not found,2026-07-18 05:41:15
PRO-RM-907,amazon,https://www.amazon.in/dp/B0DQ4YTG9P,Price not found,2026-07-18 05:41:15
PRO-BN-907,amazon,https://www.amazon.in/dp/B0GHN4ZJL2,Price not found,2026-07-18 05:41:15
PRO-RM-S-216,amazon,https://www.amazon.in/dp/B0F24SY2J7,Price not found,2026-07-18 05:41:15
PRO-MG-S-216,amazon,https://www.amazon.in/dp/B0F1TYY4JH,Price not found,2026-07-18 05:41:15
ACU-200,amazon,https://www.amazon.in/dp/B0DJH12W2R,Price not found,2026-07-18 05:41:15
PRO-MG-907,amazon,https://www.amazon.in/dp/B0DQ4XSMTQ,Price not found,2026-07-18 05:41:15
ACMC-200,amazon,https://www.amazon.in/dp/B0DJGW5PJ8,Price not found,2026-07-18 05:41:15
PRO-CC-907,amazon,https://www.amazon.in/dp/B0DQ52JW4W,Price not found,2026-07-18 05:41:15
EDS-S-960,amazon,https://www.amazon.in/dp/B0DK5RYBNW,Price not found,2026-07-18 05:41:15
PRO-CC-S-216,amazon,https://www.amazon.in/dp/B0F24KKCDJ,Price not found,2026-07-18 05:41:15
PRO-KB-S-216,amazon,https://www.amazon.in/dp/B0F24R78RY,Price not found,2026-07-19 06:12:14
EDF-500,amazon,https://www.amazon.in/dp/B0D4DRYQ46,Price not found,2026-07-19 06:12:14
EDS-S-240,amazon,https://www.amazon.in/dp/B0CZP9RQ9X,Price not found,2026-07-19 06:12:14
EDF-600,amazon,https://www.amazon.in/dp/B0D4DNQTJR,Price not found,2026-07-19 06:12:14
EDS-150,amazon,https://www.amazon.in/dp/B0BHHHRZMW,Price not found,2026-07-19 06:12:14
EDS-150,flipkart,https://www.flipkart.com/trunativ-everyday-sweet-monkfruit-sweetener-1-1-natural-sugar-replacer-diabetic-friendly/p/itm3435f7f5dd56a?pid=ARSGJPVFDEWSMMGJ,Price not found,2026-07-19 06:12:14
EDF-400,amazon,https://www.amazon.in/dp/B0CH8864W4,Price not found,2026-07-19 06:12:14
EDF-200,amazon,https://www.amazon.in/dp/B0C1ZG97MN,Price not found,2026-07-19 06:12:14
EDF-300,amazon,https://www.amazon.in/dp/B0CDCGZFKY,Price not found,2026-07-19 06:12:14
EDF-100,amazon,https://www.amazon.in/dp/B0B59MRG9M,Price not found,2026-07-19 06:12:14
EDF-600,amazon,https://www.amazon.in/dp/B0D4DNQTJR,Price not found,2026-07-20 06:30:15
PRO-KB-907,amazon,https://www.amazon.in/dp/B0DQ4VBKJW,Price not found,2026-07-20 06:30:15
EDS-150,amazon,https://www.amazon.in/dp/B0BHHHRZMW,Price not found,2026-07-20 06:30:15
EDF-500,amazon,https://www.amazon.in/dp/B0D4DRYQ46,Price not found,2026-07-20 06:30:15
EDS-150,flipkart,https://www.flipkart.com/trunativ-everyday-sweet-monkfruit-sweetener-1-1-natural-sugar-replacer-diabetic-friendly/p/itm3435f7f5dd56a?pid=ARSGJPVFDEWSMMGJ,Price not found,2026-07-20 06:30:15
PRO-KB-S-216,amazon,https://www.amazon.in/dp/B0F24R78RY,Price not found,2026-07-20 06:30:15
EDF-100,amazon,https://www.amazon.in/dp/B0B59MRG9M,Price not found,2026-07-20 06:30:15
EDF-200,amazon,https://www.amazon.in/dp/B0C1ZG97MN,Price not found,2026-07-20 06:30:15
EDF-400,amazon,https://www.amazon.in/dp/B0CH8864W4,Price not found,2026-07-20 06:30:15
EDF-300,amazon,https://www.amazon.in/dp/B0CDCGZFKY,Price not found,2026-07-20 06:30:15
EDS-S-480,amazon,https://www.amazon.in/dp/B0DK5R5L45,Price not found,2026-07-21 06:09:54
EDS-S-960,amazon,https://www.amazon.in/dp/B0DK5RYBNW,Price not found,2026-07-21 06:09:54
EDP-900,amazon,https://www.amazon.in/dp/B09BR6775J,Price not found,2026-07-21 06:09:54
EDPP-400,amazon,https://www.amazon.in/dp/B09N98Q646,Price not found,2026-07-21 06:09:54
EDP-400,amazon,https://www.amazon.in/dp/B09BR5JJV2,Price not found,2026-07-21 06:09:54
WI-900,amazon,https://www.amazon.in/dp/B07WGDXGTV,Price not found,2026-07-21 06:09:54
EDS-800,amazon,https://www.amazon.in/dp/B0CD7ZBHJJ,Price not found,2026-07-21 06:09:54
EDF-200,amazon,https://www.amazon.in/dp/B0C1ZG97MN,Price not found,2026-07-21 06:09:54
EDS-400,amazon,https://www.amazon.in/dp/B0BGH5R1F9,Price not found,2026-07-21 06:09:54
EDF-600,amazon,https://www.amazon.in/dp/B0D4DNQTJR,Price not found,2026-07-21 06:09:54
EDF-500,amazon,https://www.amazon.in/dp/B0D4DRYQ46,Price not found,2026-07-21 06:09:54
EDF-400,amazon,https://www.amazon.in/dp/B0CH8864W4,Price not found,2026-07-21 06:09:54
EDF-300,amazon,https://www.amazon.in/dp/B0CDCGZFKY,Price not found,2026-07-21 06:09:54
EDF-100,amazon,https://www.amazon.in/dp/B0B59MRG9M,Price not found,2026-07-21 06:09:54
PRO-KB-907,amazon,https://www.amazon.in/dp/B0DQ4VBKJW,Price not found,2026-07-21 06:09:54
EDS-S-240,amazon,https://www.amazon.in/dp/B0CZP9RQ9X,Price not found,2026-07-21 06:09:54
PRO-KB-S-216,amazon,https://www.amazon.in/dp/B0F24R78RY,Price not found,2026-07-21 06:09:54
EDS-150,amazon,https://www.amazon.in/dp/B0BHHHRZMW,Price not found,2026-07-21 06:09:54
PRO-KB-S-216,amazon,https://www.amazon.in/dp/B0F24R78RY,Price not found,2026-07-22 06:09:08
PRO-KB-907,amazon,https://www.amazon.in/dp/B0DQ4VBKJW,Price not found,2026-07-22 06:09:08
EDS-150,flipkart,https://www.flipkart.com/trunativ-everyday-sweet-monkfruit-sweetener-1-1-natural-sugar-replacer-diabetic-friendly/p/itm3435f7f5dd56a?pid=ARSGJPVFDEWSMMGJ,Price not found,2026-07-22 06:09:08
PRO-MG-907,amazon,https://www.amazon.in/dp/B0DQ4XSMTQ,Price not found,2026-07-23 06:14:25
PRO-CC-S-216,amazon,https://www.amazon.in/dp/B0F24KKCDJ,Price not found,2026-07-23 06:14:25
PRO-KB-S-216,amazon,https://www.amazon.in/dp/B0F24R78RY,Price not found,2026-07-23 06:14:25
PRO-CC-907,amazon,https://www.amazon.in/dp/B0DQ52JW4W,Price not found,2026-07-23 06:14:25
PRO-MG-S-216,amazon,https://www.amazon.in/dp/B0F1TYY4JH,Price not found,2026-07-23 06:14:25
EDF-400,amazon,https://www.amazon.in/dp/B0CH8864W4,Price not found,2026-07-23 06:14:25
EDF-300,amazon,https://www.amazon.in/dp/B0CDCGZFKY,Price not found,2026-07-23 06:14:25
EDF-200,amazon,https://www.amazon.in/dp/B0C1ZG97MN,Price not found,2026-07-23 06:14:25
EDF-100,amazon,https://www.amazon.in/dp/B0B59MRG9M,Price not found,2026-07-23 06:14:25
PRO-KB-907,amazon,https://www.amazon.in/dp/B0DQ4VBKJW,Price not found,2026-07-23 06:14:25
EDS-150,flipkart,https://www.flipkart.com/trunativ-everyday-sweet-monkfruit-sweetener-1-1-natural-sugar-replacer-diabetic-friendly/p/itm3435f7f5dd56a?pid=ARSGJPVFDEWSMMGJ,Price not found,2026-07-23 06:14:25
