sku,platform,live_price,mrp,discount %,timestamp
EDF-100,amazon,,,,2026-04-13 14:29:59
ACBL-S-60,amazon,589.0,294.5,-100.0,2026-04-13 14:29:59
ACMC-S-60,amazon,589.0,981.67,40.0,2026-04-13 14:29:59
ACU-S-60,amazon,499.0,249.5,-100.0,2026-04-13 14:29:59
PRO-KB-907,amazon,3199.0,352.7,-807.0,2026-04-13 14:29:59
PRO-RM-907,amazon,3199.0,352.7,-807.0,2026-04-13 14:29:59
PRO-CC-907,amazon,899.0,416.2,-116.0,2026-04-13 14:29:59
PRO-SB-907,amazon,3199.0,352.7,-807.0,2026-04-13 14:29:59
ACLC-S-60,amazon,499.0,831.67,40.0,2026-04-13 14:29:59
PRO-CM-907,amazon,3199.0,352.7,-807.0,2026-04-13 14:29:59
PRO-KB-S-216,amazon,3199.0,352.7,-807.0,2026-04-13 14:29:59
PRO-RM-S-216,amazon,3199.0,352.7,-807.0,2026-04-13 14:29:59
PRO-CC-S-216,amazon,899.0,416.2,-116.0,2026-04-13 14:29:59
PRO-MG-S-216,amazon,2999.0,330.65,-807.0,2026-04-13 14:29:59
PRO-SB-S-216,amazon,3199.0,352.7,-807.0,2026-04-13 14:29:59
PRO-CM-S-216,amazon,849.0,393.06,-116.0,2026-04-13 14:29:59
CREATINE-100,amazon,549.0,549.0,0.0,2026-04-13 14:29:59
PRO-BN-907,amazon,3299.0,363.73,-806.99,2026-04-13 14:29:59
ACU-200,amazon,1599.0,799.5,-100.0,2026-04-13 14:29:59
PRO-MG-907,amazon,2999.0,330.65,-807.0,2026-04-13 14:29:59
ACBL-200,amazon,1599.0,799.5,-100.0,2026-04-13 14:29:59
ACMC-200,amazon,1749.0,874.5,-100.0,2026-04-13 14:29:59
EDF-300,amazon,,,,2026-04-13 14:29:59
EDF-400,amazon,1199.0,299.75,-300.0,2026-04-13 14:29:59
EDF-500,amazon,1399.0,279.8,-400.0,2026-04-13 14:29:59
EDF-600,amazon,1649.0,274833.33,99.4,2026-04-13 14:29:59
EDS-150,amazon,249.0,166.0,-50.0,2026-04-13 14:29:59
EDS-S-240,amazon,359.0,149.58,-140.01,2026-04-13 14:29:59
EDS-S-480,amazon,699.0,145.63,-379.98,2026-04-13 14:29:59
EDS-S-960,amazon,1199.0,124.9,-859.97,2026-04-13 14:29:59
EDF-200,amazon,,,,2026-04-13 14:29:59
EDS-800,amazon,999.0,124.88,-699.97,2026-04-13 14:29:59
WI-900,amazon,4599.0,507.06,-806.99,2026-04-13 14:29:59
EDP-400,amazon,1399.0,349.75,-300.0,2026-04-13 14:29:59
EDP-900,amazon,2839.0,315.44,-800.01,2026-04-13 14:29:59
EDPP-400,amazon,1099.0,122.11,-800.01,2026-04-13 14:29:59
EDPP-900,amazon,2099.0,233.22,-800.01,2026-04-13 14:29:59
ACLC-200,amazon,1599.0,799.5,-100.0,2026-04-13 14:29:59
EDS-400,amazon,529.0,132.25,-300.0,2026-04-13 14:29:59
PRO-MG-S-216,amazon,2999.0,330.65,-807.0,2026-04-14 05:36:08
WI-900,amazon,4599.0,507.06,-806.99,2026-04-14 05:36:08
ACBL-S-60,amazon,589.0,294.5,-100.0,2026-04-14 05:36:08
PRO-MG-907,amazon,2999.0,330.65,-807.0,2026-04-14 05:36:08
PRO-CC-907,amazon,899.0,416.2,-116.0,2026-04-14 05:36:08
PRO-KB-907,amazon,3199.0,352.7,-807.0,2026-04-14 05:36:08
PRO-RM-907,amazon,3199.0,352.7,-807.0,2026-04-14 05:36:08
PRO-SB-907,amazon,3299.0,363.73,-806.99,2026-04-14 05:36:08
EDS-150,amazon,249.0,166.0,-50.0,2026-04-14 05:36:08
PRO-CC-S-216,amazon,899.0,416.2,-116.0,2026-04-14 05:36:08
PRO-RM-S-216,amazon,3199.0,352.7,-807.0,2026-04-14 05:36:08
CREATINE-100,amazon,549.0,549.0,0.0,2026-04-14 05:36:08
PRO-KB-S-216,amazon,3199.0,352.7,-807.0,2026-04-14 05:36:08
EDF-200,amazon,649.0,324.5,-100.0,2026-04-14 05:36:08
PRO-CM-S-216,amazon,849.0,393.06,-116.0,2026-04-14 05:36:08
EDPP-400,amazon,1099.0,122.11,-800.01,2026-04-14 05:36:08
PRO-SB-S-216,amazon,3299.0,363.73,-806.99,2026-04-14 05:36:08
EDS-S-960,amazon,1199.0,124.9,-859.97,2026-04-14 05:36:08
ACLC-S-60,amazon,499.0,831.67,40.0,2026-04-14 05:36:08
PRO-BN-907,amazon,3299.0,363.73,-806.99,2026-04-14 05:36:08
ACMC-200,amazon,1749.0,874.5,-100.0,2026-04-14 05:36:08
EDF-100,amazon,349.0,349.0,0.0,2026-04-14 05:36:08
EDS-S-240,amazon,359.0,149.58,-140.01,2026-04-14 05:36:08
EDF-300,amazon,929.0,309.67,-200.0,2026-04-14 05:36:08
EDF-400,amazon,1199.0,299.75,-300.0,2026-04-14 05:36:08
ACU-200,amazon,1599.0,799.5,-100.0,2026-04-14 05:36:08
PRO-CM-907,amazon,3199.0,352.7,-807.0,2026-04-14 05:36:08
ACBL-200,amazon,1599.0,799.5,-100.0,2026-04-14 05:36:08
EDS-S-480,amazon,699.0,145.63,-379.98,2026-04-14 05:36:08
ACMC-S-60,amazon,589.0,981.67,40.0,2026-04-14 05:36:08
EDP-900,amazon,2839.0,315.44,-800.01,2026-04-14 05:36:08
EDS-400,amazon,529.0,132.25,-300.0,2026-04-14 05:36:08
EDS-800,amazon,999.0,124.88,-699.97,2026-04-14 05:36:08
EDPP-900,amazon,2099.0,233.22,-800.01,2026-04-14 05:36:08
ACLC-200,amazon,1599.0,799.5,-100.0,2026-04-14 05:36:08
ACU-S-60,amazon,499.0,249.5,-100.0,2026-04-14 05:36:08
EDF-600,amazon,1649.0,274833.33,99.4,2026-04-14 05:36:08
EDP-400,amazon,1399.0,349.75,-300.0,2026-04-14 05:36:08
EDF-500,amazon,1399.0,279.8,-400.0,2026-04-14 05:36:08
PRO-SB-S-216,amazon,3199.0,352.7,-807.0,2026-04-14 08:41:17
ACMC-200,amazon,1749.0,874.5,-100.0,2026-04-14 08:41:17
PRO-RM-S-216,amazon,3199.0,352.7,-807.0,2026-04-14 08:41:17
PRO-MG-907,amazon,2999.0,330.65,-807.0,2026-04-14 08:41:17
WI-900,amazon,4599.0,507.06,-806.99,2026-04-14 08:41:17
PRO-CM-S-216,amazon,849.0,393.06,-116.0,2026-04-14 08:41:17
ACLC-S-60,amazon,499.0,831.67,40.0,2026-04-14 08:41:17
ACU-200,amazon,1599.0,799.5,-100.0,2026-04-14 08:41:17
PRO-KB-S-216,amazon,3199.0,352.7,-807.0,2026-04-14 08:41:17
PRO-SB-907,amazon,3199.0,352.7,-807.0,2026-04-14 08:41:17
PRO-MG-S-216,amazon,2999.0,330.65,-807.0,2026-04-14 08:41:17
ACU-S-60,amazon,499.0,249.5,-100.0,2026-04-14 08:41:17
EDP-900,amazon,2839.0,315.44,-800.01,2026-04-14 08:41:17
ACBL-200,amazon,1599.0,799.5,-100.0,2026-04-14 08:41:17
EDS-400,amazon,529.0,132.25,-300.0,2026-04-14 08:41:17
PRO-KB-907,amazon,3199.0,352.7,-807.0,2026-04-14 08:41:17
EDS-800,amazon,999.0,124.88,-699.97,2026-04-14 08:41:17
PRO-RM-907,amazon,3199.0,352.7,-807.0,2026-04-14 08:41:17
PRO-CC-907,amazon,899.0,416.2,-116.0,2026-04-14 08:41:17
EDS-S-960,amazon,1199.0,124.9,-859.97,2026-04-14 08:41:17
CREATINE-100,amazon,549.0,549.0,0.0,2026-04-14 08:41:17
EDF-300,amazon,,,,2026-04-14 08:41:17
EDF-400,amazon,,,,2026-04-14 08:41:17
EDF-100,amazon,,,,2026-04-14 08:41:17
ACMC-S-60,amazon,589.0,981.67,40.0,2026-04-14 08:41:17
EDS-S-480,amazon,699.0,145.63,-379.98,2026-04-14 08:41:17
EDF-600,amazon,1649.0,274833.33,99.4,2026-04-14 08:41:17
EDF-500,amazon,1399.0,279.8,-400.0,2026-04-14 08:41:17
EDS-S-240,amazon,359.0,149.58,-140.01,2026-04-14 08:41:17
EDPP-900,amazon,2099.0,233.22,-800.01,2026-04-14 08:41:17
EDF-200,amazon,,,,2026-04-14 08:41:17
PRO-CM-907,amazon,3199.0,352.7,-807.0,2026-04-14 08:41:17
ACLC-200,amazon,1599.0,799.5,-100.0,2026-04-14 08:41:17
EDPP-400,amazon,1099.0,122.11,-800.01,2026-04-14 08:41:17
PRO-CC-S-216,amazon,899.0,416.2,-116.0,2026-04-14 08:41:17
PRO-BN-907,amazon,3299.0,363.73,-806.99,2026-04-14 08:41:17
ACBL-S-60,amazon,589.0,294.5,-100.0,2026-04-14 08:41:17
EDS-150,amazon,249.0,166.0,-50.0,2026-04-14 08:41:17
EDP-400,amazon,1399.0,349.75,-300.0,2026-04-14 08:41:17
EDP-900,amazon,2839.0,315.44,-800.01,2026-04-15 05:35:55
PRO-KB-907,amazon,3199.0,352.7,-807.0,2026-04-15 05:35:55
EDF-600,amazon,1649.0,274833.33,99.4,2026-04-15 05:35:55
ACBL-200,amazon,1599.0,799.5,-100.0,2026-04-15 05:35:55
EDPP-900,amazon,2099.0,233.22,-800.01,2026-04-15 05:35:55
EDF-400,amazon,1199.0,299.75,-300.0,2026-04-15 05:35:55
EDF-200,amazon,649.0,324.5,-100.0,2026-04-15 05:35:55
EDF-300,amazon,929.0,309.67,-200.0,2026-04-15 05:35:55
EDS-800,amazon,999.0,124.88,-699.97,2026-04-15 05:35:55
PRO-MG-907,amazon,2999.0,330.65,-807.0,2026-04-15 05:35:55
PRO-CM-S-216,amazon,849.0,393.06,-116.0,2026-04-15 05:35:55
EDS-150,amazon,249.0,166.0,-50.0,2026-04-15 05:35:55
PRO-CC-907,amazon,899.0,416.2,-116.0,2026-04-15 05:35:55
ACU-S-60,amazon,499.0,249.5,-100.0,2026-04-15 05:35:55
EDF-500,amazon,1399.0,279.8,-400.0,2026-04-15 05:35:55
EDS-S-240,amazon,359.0,149.58,-140.01,2026-04-15 05:35:55
ACLC-200,amazon,1599.0,799.5,-100.0,2026-04-15 05:35:55
EDF-100,amazon,349.0,349.0,0.0,2026-04-15 05:35:55
WI-900,amazon,4599.0,507.06,-806.99,2026-04-15 05:35:55
ACU-200,amazon,1599.0,799.5,-100.0,2026-04-15 05:35:55
ACMC-S-60,amazon,589.0,981.67,40.0,2026-04-15 05:35:55
ACBL-S-60,amazon,589.0,294.5,-100.0,2026-04-15 05:35:55
EDP-400,amazon,1399.0,349.75,-300.0,2026-04-15 05:35:55
PRO-CM-907,amazon,3199.0,352.7,-807.0,2026-04-15 05:35:55
PRO-SB-907,amazon,3199.0,352.7,-807.0,2026-04-15 05:35:55
EDS-S-960,amazon,1199.0,124.9,-859.97,2026-04-15 05:35:55
EDS-S-480,amazon,699.0,145.63,-379.98,2026-04-15 05:35:55
EDS-400,amazon,529.0,132.25,-300.0,2026-04-15 05:35:55
CREATINE-100,amazon,549.0,549.0,0.0,2026-04-15 05:35:55
PRO-MG-S-216,amazon,2999.0,330.65,-807.0,2026-04-15 05:35:55
PRO-RM-S-216,amazon,3199.0,352.7,-807.0,2026-04-15 05:35:55
EDPP-400,amazon,1099.0,122.11,-800.01,2026-04-15 05:35:55
ACMC-200,amazon,1749.0,874.5,-100.0,2026-04-15 05:35:55
PRO-BN-907,amazon,3299.0,363.73,-806.99,2026-04-15 05:35:55
PRO-KB-S-216,amazon,3199.0,352.7,-807.0,2026-04-15 05:35:55
PRO-CC-S-216,amazon,899.0,416.2,-116.0,2026-04-15 05:35:55
PRO-SB-S-216,amazon,3199.0,352.7,-807.0,2026-04-15 05:35:55
PRO-RM-907,amazon,3199.0,352.7,-807.0,2026-04-15 05:35:55
ACLC-S-60,amazon,499.0,831.67,40.0,2026-04-15 05:35:55
ACLC-200,amazon,1599.0,799.5,-100.0,2026-04-16 05:41:19
ACMC-S-60,amazon,499.0,831.67,40.0,2026-04-16 05:41:19
ACBL-S-60,amazon,499.0,249.5,-100.0,2026-04-16 05:41:19
ACLC-S-60,amazon,499.0,831.67,40.0,2026-04-16 05:41:19
PRO-CC-907,amazon,3199.0,352.7,-807.0,2026-04-16 05:41:19
PRO-SB-907,amazon,3299.0,363.73,-806.99,2026-04-16 05:41:19
PRO-BN-907,amazon,3299.0,363.73,-806.99,2026-04-16 05:41:19
PRO-CM-907,amazon,3199.0,352.7,-807.0,2026-04-16 05:41:19
PRO-RM-907,amazon,3199.0,352.7,-807.0,2026-04-16 05:41:19
PRO-KB-907,amazon,3299.0,363.73,-806.99,2026-04-16 05:41:19
ACU-200,amazon,1599.0,799.5,-100.0,2026-04-16 05:41:19
PRO-MG-S-216,amazon,3199.0,352.7,-807.0,2026-04-16 05:41:19
EDF-300,amazon,929.0,309.67,-200.0,2026-04-16 05:41:19
ACMC-200,amazon,1599.0,799.5,-100.0,2026-04-16 05:41:19
PRO-KB-S-216,amazon,3299.0,363.73,-806.99,2026-04-16 05:41:19
PRO-CM-S-216,amazon,899.0,416.2,-116.0,2026-04-16 05:41:19
PRO-SB-S-216,amazon,3299.0,363.73,-806.99,2026-04-16 05:41:19
EDF-100,amazon,,,,2026-04-16 05:41:19
PRO-MG-907,amazon,3199.0,352.7,-807.0,2026-04-16 05:41:19
EDF-200,amazon,649.0,324.5,-100.0,2026-04-16 05:41:19
EDS-S-240,amazon,359.0,149.58,-140.01,2026-04-16 05:41:19
EDS-400,amazon,529.0,132.25,-300.0,2026-04-16 05:41:19
EDF-500,amazon,1399.0,279.8,-400.0,2026-04-16 05:41:19
EDF-400,amazon,1199.0,299.75,-300.0,2026-04-16 05:41:19
EDP-400,amazon,1399.0,349.75,-300.0,2026-04-16 05:41:19
EDS-150,amazon,249.0,166.0,-50.0,2026-04-16 05:41:19
PRO-CC-S-216,amazon,899.0,416.2,-116.0,2026-04-16 05:41:19
EDF-600,amazon,1649.0,274833.33,99.4,2026-04-16 05:41:19
EDP-900,amazon,2399.0,266.56,-799.98,2026-04-16 05:41:19
EDPP-900,amazon,2099.0,233.22,-800.01,2026-04-16 05:41:19
PRO-RM-S-216,amazon,3199.0,352.7,-807.0,2026-04-16 05:41:19
EDS-S-960,amazon,1199.0,124.9,-859.97,2026-04-16 05:41:19
EDS-800,amazon,999.0,124.88,-699.97,2026-04-16 05:41:19
ACBL-200,amazon,1599.0,799.5,-100.0,2026-04-16 05:41:19
EDPP-400,amazon,1099.0,122.11,-800.01,2026-04-16 05:41:19
WI-900,amazon,4599.0,507.06,-806.99,2026-04-16 05:41:19
CREATINE-100,amazon,399.0,399.0,0.0,2026-04-16 05:41:19
ACU-S-60,amazon,499.0,249.5,-100.0,2026-04-16 05:41:19
EDS-S-480,amazon,719.0,149.79,-380.01,2026-04-16 05:41:19
EDS-150,amazon,249.0,166.0,-50.0,2026-04-17 05:39:08
ACMC-S-60,amazon,499.0,831.67,40.0,2026-04-17 05:39:08
PRO-BN-907,amazon,3299.0,363.73,-806.99,2026-04-17 05:39:08
ACBL-200,amazon,1599.0,799.5,-100.0,2026-04-17 05:39:08
EDF-200,amazon,649.0,324.5,-100.0,2026-04-17 05:39:08
EDF-300,amazon,929.0,309.67,-200.0,2026-04-17 05:39:08
EDPP-900,amazon,2099.0,233.22,-800.01,2026-04-17 05:39:08
EDF-400,amazon,1199.0,299.75,-300.0,2026-04-17 05:39:08
PRO-CM-S-216,amazon,899.0,416.2,-116.0,2026-04-17 05:39:08
EDP-400,amazon,1399.0,349.75,-300.0,2026-04-17 05:39:08
EDS-400,amazon,529.0,132.25,-300.0,2026-04-17 05:39:08
EDF-600,amazon,1649.0,274833.33,99.4,2026-04-17 05:39:08
PRO-CC-S-216,amazon,899.0,416.2,-116.0,2026-04-17 05:39:08
EDS-S-240,amazon,359.0,149.58,-140.01,2026-04-17 05:39:08
EDF-500,amazon,1399.0,279.8,-400.0,2026-04-17 05:39:08
EDPP-400,amazon,1099.0,122.11,-800.01,2026-04-17 05:39:08
EDP-900,amazon,2399.0,266.56,-799.98,2026-04-17 05:39:08
EDF-100,amazon,349.0,349.0,0.0,2026-04-17 05:39:08
CREATINE-100,amazon,399.0,399.0,0.0,2026-04-17 05:39:08
EDS-S-480,amazon,719.0,149.79,-380.01,2026-04-17 05:39:08
PRO-KB-907,amazon,3299.0,363.73,-806.99,2026-04-17 05:39:08
ACU-S-60,amazon,499.0,249.5,-100.0,2026-04-17 05:39:08
WI-900,amazon,4599.0,507.06,-806.99,2026-04-17 05:39:08
PRO-MG-S-216,amazon,3199.0,352.7,-807.0,2026-04-17 05:39:08
PRO-RM-S-216,amazon,3199.0,352.7,-807.0,2026-04-17 05:39:08
PRO-RM-907,amazon,3199.0,352.7,-807.0,2026-04-17 05:39:08
PRO-CM-907,amazon,3199.0,352.7,-807.0,2026-04-17 05:39:08
PRO-SB-907,amazon,3299.0,363.73,-806.99,2026-04-17 05:39:08
PRO-CC-907,amazon,3199.0,352.7,-807.0,2026-04-17 05:39:08
ACMC-200,amazon,1599.0,799.5,-100.0,2026-04-17 05:39:08
EDS-S-960,amazon,1199.0,124.9,-859.97,2026-04-17 05:39:08
PRO-SB-S-216,amazon,3299.0,363.73,-806.99,2026-04-17 05:39:08
PRO-KB-S-216,amazon,3299.0,363.73,-806.99,2026-04-17 05:39:08
ACBL-S-60,amazon,499.0,249.5,-100.0,2026-04-17 05:39:08
PRO-MG-907,amazon,3199.0,352.7,-807.0,2026-04-17 05:39:08
ACU-200,amazon,1599.0,799.5,-100.0,2026-04-17 05:39:08
ACLC-S-60,amazon,499.0,831.67,40.0,2026-04-17 05:39:08
EDS-800,amazon,999.0,124.88,-699.97,2026-04-17 05:39:08
ACLC-200,amazon,1599.0,799.5,-100.0,2026-04-17 05:39:08
EDS-400,amazon,529.0,132.25,-300.0,2026-04-17 10:07:47
ACLC-S-60,amazon,499.0,831.67,40.0,2026-04-17 10:07:47
PRO-SB-907,amazon,3199.0,352.7,-807.0,2026-04-17 10:07:47
ACU-S-60,amazon,499.0,249.5,-100.0,2026-04-17 10:07:47
ACMC-S-60,amazon,499.0,831.67,40.0,2026-04-17 10:07:47
ACMC-200,amazon,1599.0,799.5,-100.0,2026-04-17 10:07:47
PRO-RM-907,amazon,3199.0,352.7,-807.0,2026-04-17 10:07:47
PRO-KB-907,amazon,3299.0,363.73,-806.99,2026-04-17 10:07:47
PRO-MG-907,amazon,3199.0,352.7,-807.0,2026-04-17 10:07:47
PRO-MG-S-216,amazon,3199.0,352.7,-807.0,2026-04-17 10:07:47
PRO-KB-S-216,amazon,3299.0,363.73,-806.99,2026-04-17 10:07:47
PRO-CM-S-216,amazon,899.0,416.2,-116.0,2026-04-17 10:07:47
PRO-CC-907,amazon,3199.0,352.7,-807.0,2026-04-17 10:07:47
PRO-RM-S-216,amazon,3199.0,352.7,-807.0,2026-04-17 10:07:47
PRO-SB-S-216,amazon,3199.0,352.7,-807.0,2026-04-17 10:07:47
PRO-BN-907,amazon,3299.0,363.73,-806.99,2026-04-17 10:07:47
ACU-200,amazon,1599.0,799.5,-100.0,2026-04-17 10:07:47
PRO-CM-907,amazon,3199.0,352.7,-807.0,2026-04-17 10:07:47
PRO-CC-S-216,amazon,899.0,416.2,-116.0,2026-04-17 10:07:47
ACBL-S-60,amazon,499.0,249.5,-100.0,2026-04-17 10:07:47
EDS-S-480,amazon,719.0,149.79,-380.01,2026-04-17 10:07:47
EDS-150,amazon,249.0,166.0,-50.0,2026-04-17 10:07:47
CREATINE-100,amazon,399.0,399.0,0.0,2026-04-17 10:07:47
EDPP-400,amazon,1099.0,122.11,-800.01,2026-04-17 10:07:47
WI-900,amazon,4599.0,507.06,-806.99,2026-04-17 10:07:47
EDP-400,amazon,1399.0,349.75,-300.0,2026-04-17 10:07:47
EDF-500,amazon,1399.0,279.8,-400.0,2026-04-17 10:07:47
EDS-S-960,amazon,1199.0,124.9,-859.97,2026-04-17 10:07:47
EDF-200,amazon,649.0,324.5,-100.0,2026-04-17 10:07:47
ACBL-200,amazon,1599.0,799.5,-100.0,2026-04-17 10:07:47
EDF-300,amazon,929.0,309.67,-200.0,2026-04-17 10:07:47
EDF-100,amazon,,,,2026-04-17 10:07:47
EDP-900,amazon,2399.0,266.56,-799.98,2026-04-17 10:07:47
EDS-150,flipkart,,,,2026-04-17 10:07:47
ACLC-200,amazon,1599.0,799.5,-100.0,2026-04-17 10:07:47
EDS-800,amazon,999.0,124.88,-699.97,2026-04-17 10:07:47
EDF-400,amazon,1199.0,299.75,-300.0,2026-04-17 10:07:47
EDS-S-240,amazon,359.0,149.58,-140.01,2026-04-17 10:07:47
EDF-600,amazon,1649.0,274833.33,99.4,2026-04-17 10:07:47
EDPP-900,amazon,2099.0,233.22,-800.01,2026-04-17 10:07:47
EDP-900,amazon,2399.0,266.56,-799.98,2026-04-17 12:19:30
EDPP-900,amazon,2099.0,233.22,-800.01,2026-04-17 12:19:30
ACBL-200,amazon,1599.0,799.5,-100.0,2026-04-17 12:19:30
EDP-400,amazon,1399.0,349.75,-300.0,2026-04-17 12:19:30
EDF-300,amazon,929.0,309.67,-200.0,2026-04-17 12:19:30
CREATINE-100,amazon,399.0,399.0,0.0,2026-04-17 12:19:30
EDF-500,amazon,1399.0,279.8,-400.0,2026-04-17 12:19:30
WI-900,amazon,4599.0,507.06,-806.99,2026-04-17 12:19:30
EDS-150,amazon,249.0,166.0,-50.0,2026-04-17 12:19:30
EDS-150,flipkart,,,,2026-04-17 12:19:30
EDF-600,amazon,1649.0,274833.33,99.4,2026-04-17 12:19:30
EDF-200,amazon,,,,2026-04-17 12:19:30
EDF-400,amazon,1199.0,299.75,-300.0,2026-04-17 12:19:30
EDS-S-960,amazon,1199.0,124.9,-859.97,2026-04-17 12:19:30
EDPP-400,amazon,1099.0,122.11,-800.01,2026-04-17 12:19:30
EDS-800,amazon,999.0,124.88,-699.97,2026-04-17 12:19:30
EDS-S-240,amazon,359.0,149.58,-140.01,2026-04-17 12:19:30
EDS-400,amazon,529.0,132.25,-300.0,2026-04-17 12:19:30
EDS-S-480,amazon,719.0,149.79,-380.01,2026-04-17 12:19:30
EDF-100,amazon,,,,2026-04-17 12:19:30
PRO-CM-S-216,amazon,899.0,416.2,-116.0,2026-04-17 12:19:30
PRO-MG-907,amazon,3199.0,352.7,-807.0,2026-04-17 12:19:30
ACU-S-60,amazon,499.0,249.5,-100.0,2026-04-17 12:19:30
PRO-RM-S-216,amazon,3199.0,352.7,-807.0,2026-04-17 12:19:30
PRO-KB-S-216,amazon,3299.0,363.73,-806.99,2026-04-17 12:19:30
PRO-KB-907,amazon,3299.0,363.73,-806.99,2026-04-17 12:19:30
PRO-RM-907,amazon,3199.0,352.7,-807.0,2026-04-17 12:19:30
PRO-MG-S-216,amazon,3199.0,352.7,-807.0,2026-04-17 12:19:30
ACLC-200,amazon,1599.0,799.5,-100.0,2026-04-17 12:19:30
PRO-SB-S-216,amazon,3199.0,352.7,-807.0,2026-04-17 12:19:30
ACMC-S-60,amazon,499.0,831.67,40.0,2026-04-17 12:19:30
ACU-200,amazon,1599.0,799.5,-100.0,2026-04-17 12:19:30
ACLC-S-60,amazon,499.0,831.67,40.0,2026-04-17 12:19:30
PRO-SB-907,amazon,3199.0,352.7,-807.0,2026-04-17 12:19:30
ACMC-200,amazon,1599.0,799.5,-100.0,2026-04-17 12:19:30
PRO-CM-907,amazon,3199.0,352.7,-807.0,2026-04-17 12:19:30
PRO-CC-S-216,amazon,899.0,416.2,-116.0,2026-04-17 12:19:30
ACBL-S-60,amazon,499.0,249.5,-100.0,2026-04-17 12:19:30
PRO-BN-907,amazon,3299.0,363.73,-806.99,2026-04-17 12:19:30
PRO-CC-907,amazon,3199.0,352.7,-807.0,2026-04-17 12:19:30
ACBL-S-60,amazon,499.0,249.5,-100.0,2026-04-18 05:21:01
ACU-S-60,amazon,499.0,249.5,-100.0,2026-04-18 05:21:01
ACMC-200,amazon,1599.0,799.5,-100.0,2026-04-18 05:21:01
ACMC-S-60,amazon,499.0,831.67,40.0,2026-04-18 05:21:01
PRO-KB-S-216,amazon,3299.0,363.73,-806.99,2026-04-18 05:21:01
ACLC-S-60,amazon,499.0,831.67,40.0,2026-04-18 05:21:01
PRO-CC-S-216,amazon,899.0,416.2,-116.0,2026-04-18 05:21:01
ACU-200,amazon,1599.0,799.5,-100.0,2026-04-18 05:21:01
CREATINE-100,amazon,399.0,399.0,0.0,2026-04-18 05:21:01
PRO-CC-907,amazon,3199.0,352.7,-807.0,2026-04-18 05:21:01
PRO-SB-907,amazon,3299.0,363.73,-806.99,2026-04-18 05:21:01
PRO-KB-907,amazon,3299.0,363.73,-806.99,2026-04-18 05:21:01
PRO-MG-S-216,amazon,3199.0,352.7,-807.0,2026-04-18 05:21:01
PRO-RM-S-216,amazon,3199.0,352.7,-807.0,2026-04-18 05:21:01
PRO-SB-S-216,amazon,3299.0,363.73,-806.99,2026-04-18 05:21:01
PRO-CM-907,amazon,3199.0,352.7,-807.0,2026-04-18 05:21:01
PRO-BN-907,amazon,3299.0,363.73,-806.99,2026-04-18 05:21:01
PRO-CM-S-216,amazon,899.0,416.2,-116.0,2026-04-18 05:21:01
PRO-RM-907,amazon,3199.0,352.7,-807.0,2026-04-18 05:21:01
PRO-MG-907,amazon,3199.0,352.7,-807.0,2026-04-18 05:21:01
EDF-500,amazon,,,,2026-04-18 05:21:01
EDPP-900,amazon,2099.0,233.22,-800.01,2026-04-18 05:21:01
EDP-400,amazon,1399.0,349.75,-300.0,2026-04-18 05:21:01
EDPP-400,amazon,1099.0,122.11,-800.01,2026-04-18 05:21:01
EDS-S-240,amazon,,,,2026-04-18 05:21:01
EDF-400,amazon,,,,2026-04-18 05:21:01
EDP-900,amazon,2399.0,266.56,-799.98,2026-04-18 05:21:01
ACBL-200,amazon,1599.0,799.5,-100.0,2026-04-18 05:21:01
EDF-600,amazon,,,,2026-04-18 05:21:01
EDS-S-960,amazon,1199.0,124.9,-859.97,2026-04-18 05:21:01
EDF-100,amazon,,,,2026-04-18 05:21:01
EDS-400,amazon,529.0,132.25,-300.0,2026-04-18 05:21:01
EDF-200,amazon,,,,2026-04-18 05:21:01
EDF-300,amazon,,,,2026-04-18 05:21:01
WI-900,amazon,4599.0,507.06,-806.99,2026-04-18 05:21:01
ACLC-200,amazon,1599.0,799.5,-100.0,2026-04-18 05:21:01
EDS-800,amazon,999.0,124.88,-699.97,2026-04-18 05:21:01
EDS-150,flipkart,,,,2026-04-18 05:21:01
EDS-S-480,amazon,719.0,149.79,-380.01,2026-04-18 05:21:01
EDS-150,amazon,,,,2026-04-18 05:21:01
EDS-150,amazon,209.0,139.33,-50.0,2026-04-19 05:39:26
EDP-900,amazon,2399.0,266.56,-799.98,2026-04-19 05:39:26
EDS-150,flipkart,719.0,899.0,20.02,2026-04-19 05:39:26
EDF-400,amazon,1199.0,299.75,-300.0,2026-04-19 05:39:26
WI-900,amazon,4599.0,507.06,-806.99,2026-04-19 05:39:26
ACLC-200,amazon,1599.0,799.5,-100.0,2026-04-19 05:39:26
EDF-600,amazon,1649.0,274833.33,99.4,2026-04-19 05:39:26
EDS-S-240,amazon,,,,2026-04-19 05:39:26
EDS-S-480,amazon,719.0,149.79,-380.01,2026-04-19 05:39:26
EDF-100,amazon,349.0,349.0,0.0,2026-04-19 05:39:26
EDS-800,amazon,999.0,124.88,-699.97,2026-04-19 05:39:26
EDF-200,amazon,,,,2026-04-19 05:39:26
EDF-500,amazon,1399.0,279.8,-400.0,2026-04-19 05:39:26
EDS-400,amazon,529.0,132.25,-300.0,2026-04-19 05:39:26
ACBL-200,amazon,,,,2026-04-19 05:39:26
EDPP-900,amazon,2099.0,233.22,-800.01,2026-04-19 05:39:26
EDP-400,amazon,1399.0,349.75,-300.0,2026-04-19 05:39:26
EDPP-400,amazon,,,,2026-04-19 05:39:26
CREATINE-100,amazon,399.0,399.0,0.0,2026-04-19 05:39:26
EDF-300,amazon,,,,2026-04-19 05:39:26
PRO-KB-S-216,amazon,3299.0,363.73,-806.99,2026-04-19 05:39:26
ACBL-S-60,amazon,,,,2026-04-19 05:39:26
PRO-BN-907,amazon,3299.0,363.73,-806.99,2026-04-19 05:39:26
ACU-S-60,amazon,499.0,249.5,-100.0,2026-04-19 05:39:26
PRO-CM-S-216,amazon,899.0,416.2,-116.0,2026-04-19 05:39:26
PRO-SB-907,amazon,3299.0,363.73,-806.99,2026-04-19 05:39:26
ACMC-S-60,amazon,499.0,831.67,40.0,2026-04-19 05:39:26
PRO-MG-907,amazon,3199.0,352.7,-807.0,2026-04-19 05:39:26
PRO-MG-S-216,amazon,3199.0,352.7,-807.0,2026-04-19 05:39:26
PRO-RM-907,amazon,3199.0,352.7,-807.0,2026-04-19 05:39:26
EDS-S-960,amazon,1199.0,124.9,-859.97,2026-04-19 05:39:26
ACMC-200,amazon,,,,2026-04-19 05:39:26
PRO-RM-S-216,amazon,3199.0,352.7,-807.0,2026-04-19 05:39:26
PRO-KB-907,amazon,3299.0,363.73,-806.99,2026-04-19 05:39:26
PRO-CC-907,amazon,3199.0,352.7,-807.0,2026-04-19 05:39:26
ACU-200,amazon,,,,2026-04-19 05:39:26
ACLC-S-60,amazon,499.0,831.67,40.0,2026-04-19 05:39:26
PRO-SB-S-216,amazon,3299.0,363.73,-806.99,2026-04-19 05:39:26
PRO-CC-S-216,amazon,899.0,416.2,-116.0,2026-04-19 05:39:26
PRO-CM-907,amazon,3199.0,352.7,-807.0,2026-04-19 05:39:26
PRO-CM-S-216,amazon,899.0,416.2,-116.0,2026-04-20 06:00:28
PRO-CC-S-216,amazon,899.0,416.2,-116.0,2026-04-20 06:00:28
PRO-RM-907,amazon,3199.0,352.7,-807.0,2026-04-20 06:00:28
PRO-BN-907,amazon,3299.0,363.73,-806.99,2026-04-20 06:00:28
ACBL-S-60,amazon,499.0,249.5,-100.0,2026-04-20 06:00:28
ACLC-S-60,amazon,499.0,831.67,40.0,2026-04-20 06:00:28
EDS-400,amazon,529.0,132.25,-300.0,2026-04-20 06:00:28
ACU-200,amazon,1599.0,799.5,-100.0,2026-04-20 06:00:28
PRO-RM-S-216,amazon,3199.0,352.7,-807.0,2026-04-20 06:00:28
ACMC-S-60,amazon,499.0,831.67,40.0,2026-04-20 06:00:28
PRO-CM-907,amazon,3199.0,352.7,-807.0,2026-04-20 06:00:28
PRO-SB-S-216,amazon,3299.0,363.73,-806.99,2026-04-20 06:00:28
ACU-S-60,amazon,499.0,249.5,-100.0,2026-04-20 06:00:28
PRO-CC-907,amazon,3199.0,352.7,-807.0,2026-04-20 06:00:28
ACMC-200,amazon,1599.0,799.5,-100.0,2026-04-20 06:00:28
PRO-KB-S-216,amazon,3299.0,363.73,-806.99,2026-04-20 06:00:28
PRO-MG-907,amazon,3199.0,352.7,-807.0,2026-04-20 06:00:28
EDPP-400,amazon,1099.0,122.11,-800.01,2026-04-20 06:00:28
PRO-SB-907,amazon,3299.0,363.73,-806.99,2026-04-20 06:00:28
PRO-KB-907,amazon,3299.0,363.73,-806.99,2026-04-20 06:00:28
PRO-MG-S-216,amazon,3199.0,352.7,-807.0,2026-04-20 06:00:28
EDPP-900,amazon,2099.0,233.22,-800.01,2026-04-20 06:00:28
EDF-600,amazon,1649.0,274833.33,99.4,2026-04-20 06:00:28
EDF-500,amazon,1399.0,279.8,-400.0,2026-04-20 06:00:28
EDF-300,amazon,929.0,309.67,-200.0,2026-04-20 06:00:28
EDS-S-480,amazon,719.0,149.79,-380.01,2026-04-20 06:00:28
WI-900,amazon,4599.0,507.06,-806.99,2026-04-20 06:00:28
EDS-800,amazon,999.0,124.88,-699.97,2026-04-20 06:00:28
EDF-400,amazon,1199.0,299.75,-300.0,2026-04-20 06:00:28
ACLC-200,amazon,1599.0,799.5,-100.0,2026-04-20 06:00:28
EDP-900,amazon,2399.0,266.56,-799.98,2026-04-20 06:00:28
EDP-400,amazon,1399.0,349.75,-300.0,2026-04-20 06:00:28
EDS-S-240,amazon,359.0,149.58,-140.01,2026-04-20 06:00:28
EDS-150,amazon,209.0,139.33,-50.0,2026-04-20 06:00:28
ACBL-200,amazon,1599.0,799.5,-100.0,2026-04-20 06:00:28
EDS-150,flipkart,,,,2026-04-20 06:00:28
EDS-S-960,amazon,1199.0,124.9,-859.97,2026-04-20 06:00:28
EDF-200,amazon,649.0,324.5,-100.0,2026-04-20 06:00:28
EDF-100,amazon,349.0,349.0,0.0,2026-04-20 06:00:28
CREATINE-100,amazon,399.0,399.0,0.0,2026-04-20 06:00:28
EDS-150,amazon,,,,2026-04-21 05:38:47
PRO-SB-907,amazon,3299.0,363.73,-806.99,2026-04-21 05:38:47
EDS-150,flipkart,719.0,899.0,20.02,2026-04-21 05:38:47
EDP-400,amazon,,,,2026-04-21 05:38:47
EDF-600,amazon,,,,2026-04-21 05:38:47
EDS-S-480,amazon,,,,2026-04-21 05:38:47
EDS-400,amazon,,,,2026-04-21 05:38:47
CREATINE-100,amazon,399.0,399.0,0.0,2026-04-21 05:38:47
WI-900,amazon,,,,2026-04-21 05:38:47
ACBL-200,amazon,,,,2026-04-21 05:38:47
EDF-500,amazon,,,,2026-04-21 05:38:47
EDF-300,amazon,,,,2026-04-21 05:38:47
EDS-800,amazon,,,,2026-04-21 05:38:47
EDP-900,amazon,,,,2026-04-21 05:38:47
EDPP-900,amazon,,,,2026-04-21 05:38:47
EDF-200,amazon,,,,2026-04-21 05:38:47
EDF-100,amazon,,,,2026-04-21 05:38:47
EDPP-400,amazon,,,,2026-04-21 05:38:47
EDF-400,amazon,,,,2026-04-21 05:38:47
EDS-S-240,amazon,,,,2026-04-21 05:38:47
PRO-RM-907,amazon,3199.0,352.7,-807.0,2026-04-21 05:38:47
PRO-MG-S-216,amazon,3199.0,352.7,-807.0,2026-04-21 05:38:47
PRO-CM-S-216,amazon,899.0,416.2,-116.0,2026-04-21 05:38:47
ACU-200,amazon,,,,2026-04-21 05:38:47
ACLC-200,amazon,,,,2026-04-21 05:38:47
ACU-S-60,amazon,499.0,249.5,-100.0,2026-04-21 05:38:47
ACMC-200,amazon,,,,2026-04-21 05:38:47
PRO-MG-907,amazon,3199.0,352.7,-807.0,2026-04-21 05:38:47
EDS-S-960,amazon,,,,2026-04-21 05:38:47
ACBL-S-60,amazon,499.0,249.5,-100.0,2026-04-21 05:38:47
PRO-KB-S-216,amazon,3299.0,363.73,-806.99,2026-04-21 05:38:47
PRO-SB-S-216,amazon,3299.0,363.73,-806.99,2026-04-21 05:38:47
PRO-RM-S-216,amazon,3199.0,352.7,-807.0,2026-04-21 05:38:47
PRO-CM-907,amazon,3199.0,352.7,-807.0,2026-04-21 05:38:47
PRO-BN-907,amazon,3299.0,363.73,-806.99,2026-04-21 05:38:47
ACMC-S-60,amazon,499.0,831.67,40.0,2026-04-21 05:38:47
ACLC-S-60,amazon,,,,2026-04-21 05:38:47
PRO-CC-907,amazon,3199.0,352.7,-807.0,2026-04-21 05:38:47
PRO-CC-S-216,amazon,899.0,416.2,-116.0,2026-04-21 05:38:47
PRO-KB-907,amazon,3299.0,363.73,-806.99,2026-04-21 05:38:47
EDS-400,amazon,,,,2026-04-22 05:37:44
PRO-MG-907,amazon,3199.0,352.7,-807.0,2026-04-22 05:37:44
ACU-200,amazon,1599.0,799.5,-100.0,2026-04-22 05:37:44
PRO-SB-S-216,amazon,3299.0,363.73,-806.99,2026-04-22 05:37:44
PRO-MG-S-216,amazon,3199.0,352.7,-807.0,2026-04-22 05:37:44
PRO-RM-907,amazon,3199.0,352.7,-807.0,2026-04-22 05:37:44
ACMC-S-60,amazon,499.0,831.67,40.0,2026-04-22 05:37:44
ACBL-S-60,amazon,499.0,249.5,-100.0,2026-04-22 05:37:44
ACLC-S-60,amazon,499.0,831.67,40.0,2026-04-22 05:37:44
ACU-S-60,amazon,499.0,249.5,-100.0,2026-04-22 05:37:44
PRO-KB-907,amazon,3299.0,363.73,-806.99,2026-04-22 05:37:44
PRO-CM-S-216,amazon,899.0,416.2,-116.0,2026-04-22 05:37:44
PRO-CC-907,amazon,3199.0,352.7,-807.0,2026-04-22 05:37:44
PRO-BN-907,amazon,3299.0,363.73,-806.99,2026-04-22 05:37:44
PRO-CC-S-216,amazon,899.0,416.2,-116.0,2026-04-22 05:37:44
PRO-RM-S-216,amazon,3199.0,352.7,-807.0,2026-04-22 05:37:44
PRO-SB-907,amazon,3299.0,363.73,-806.99,2026-04-22 05:37:44
EDF-300,amazon,,,,2026-04-22 05:37:44
PRO-KB-S-216,amazon,3299.0,363.73,-806.99,2026-04-22 05:37:44
ACMC-200,amazon,1599.0,799.5,-100.0,2026-04-22 05:37:44
PRO-CM-907,amazon,3199.0,352.7,-807.0,2026-04-22 05:37:44
EDF-400,amazon,,,,2026-04-22 05:37:44
ACBL-200,amazon,1599.0,799.5,-100.0,2026-04-22 05:37:44
EDF-200,amazon,,,,2026-04-22 05:37:44
EDF-100,amazon,,,,2026-04-22 05:37:44
EDS-150,amazon,,,,2026-04-22 05:37:44
EDF-600,amazon,,,,2026-04-22 05:37:44
EDS-800,amazon,,,,2026-04-22 05:37:44
EDP-900,amazon,,,,2026-04-22 05:37:44
ACLC-200,amazon,1599.0,799.5,-100.0,2026-04-22 05:37:44
EDPP-400,amazon,,,,2026-04-22 05:37:44
EDF-500,amazon,,,,2026-04-22 05:37:44
EDS-S-240,amazon,,,,2026-04-22 05:37:44
EDS-150,flipkart,,,,2026-04-22 05:37:44
WI-900,amazon,,,,2026-04-22 05:37:44
EDS-S-480,amazon,,,,2026-04-22 05:37:44
EDPP-900,amazon,2099.0,233.22,-800.01,2026-04-22 05:37:44
EDS-S-960,amazon,,,,2026-04-22 05:37:44
EDP-400,amazon,,,,2026-04-22 05:37:44
CREATINE-100,amazon,399.0,399.0,0.0,2026-04-22 05:37:44
EDPP-900,amazon,2099.0,233.22,-800.01,2026-04-23 05:41:52
EDF-300,amazon,929.0,309.67,-200.0,2026-04-23 05:41:52
EDPP-400,amazon,1099.0,122.11,-800.01,2026-04-23 05:41:52
EDS-150,amazon,209.0,139.33,-50.0,2026-04-23 05:41:52
EDP-400,amazon,1399.0,349.75,-300.0,2026-04-23 05:41:52
WI-900,amazon,4599.0,507.06,-806.99,2026-04-23 05:41:52
EDF-600,amazon,1649.0,274833.33,99.4,2026-04-23 05:41:52
EDS-S-240,amazon,359.0,149.58,-140.01,2026-04-23 05:41:52
EDF-500,amazon,1399.0,279.8,-400.0,2026-04-23 05:41:52
ACBL-200,amazon,1599.0,799.5,-100.0,2026-04-23 05:41:52
EDF-400,amazon,1199.0,299.75,-300.0,2026-04-23 05:41:52
EDS-S-960,amazon,1199.0,124.9,-859.97,2026-04-23 05:41:52
ACLC-200,amazon,1599.0,799.5,-100.0,2026-04-23 05:41:52
EDS-S-480,amazon,719.0,149.79,-380.01,2026-04-23 05:41:52
EDF-200,amazon,649.0,324.5,-100.0,2026-04-23 05:41:52
EDS-800,amazon,999.0,124.88,-699.97,2026-04-23 05:41:52
EDS-150,flipkart,,,,2026-04-23 05:41:52
PRO-RM-S-216,amazon,3199.0,352.7,-807.0,2026-04-23 05:41:52
CREATINE-100,amazon,399.0,399.0,0.0,2026-04-23 05:41:52
EDF-100,amazon,,,,2026-04-23 05:41:52
EDP-900,amazon,2399.0,266.56,-799.98,2026-04-23 05:41:52
ACMC-200,amazon,1599.0,799.5,-100.0,2026-04-23 05:41:52
PRO-CM-907,amazon,3199.0,352.7,-807.0,2026-04-23 05:41:52
PRO-KB-907,amazon,3299.0,363.73,-806.99,2026-04-23 05:41:52
ACMC-S-60,amazon,499.0,831.67,40.0,2026-04-23 05:41:52
PRO-CC-907,amazon,3199.0,352.7,-807.0,2026-04-23 05:41:52
PRO-RM-907,amazon,3199.0,352.7,-807.0,2026-04-23 05:41:52
ACU-S-60,amazon,499.0,249.5,-100.0,2026-04-23 05:41:52
ACBL-S-60,amazon,499.0,249.5,-100.0,2026-04-23 05:41:52
PRO-CC-S-216,amazon,899.0,416.2,-116.0,2026-04-23 05:41:52
PRO-CM-S-216,amazon,899.0,416.2,-116.0,2026-04-23 05:41:52
EDS-400,amazon,529.0,132.25,-300.0,2026-04-23 05:41:52
ACLC-S-60,amazon,499.0,831.67,40.0,2026-04-23 05:41:52
PRO-SB-S-216,amazon,3299.0,363.73,-806.99,2026-04-23 05:41:52
PRO-BN-907,amazon,3299.0,363.73,-806.99,2026-04-23 05:41:52
PRO-SB-907,amazon,3299.0,363.73,-806.99,2026-04-23 05:41:52
PRO-MG-907,amazon,3199.0,352.7,-807.0,2026-04-23 05:41:52
PRO-KB-S-216,amazon,3299.0,363.73,-806.99,2026-04-23 05:41:52
PRO-MG-S-216,amazon,3199.0,352.7,-807.0,2026-04-23 05:41:52
ACU-200,amazon,1599.0,799.5,-100.0,2026-04-23 05:41:52
ACBL-S-60,amazon,499.0,249.5,-100.0,2026-04-24 05:54:24
ACMC-200,amazon,1599.0,799.5,-100.0,2026-04-24 05:54:24
PRO-MG-907,amazon,3199.0,352.7,-807.0,2026-04-24 05:54:24
PRO-SB-907,amazon,3299.0,363.73,-806.99,2026-04-24 05:54:24
ACU-S-60,amazon,499.0,249.5,-100.0,2026-04-24 05:54:24
EDS-400,amazon,529.0,132.25,-300.0,2026-04-24 05:54:24
PRO-CC-907,amazon,3199.0,352.7,-807.0,2026-04-24 05:54:24
PRO-CM-907,amazon,3199.0,352.7,-807.0,2026-04-24 05:54:24
PRO-BN-907,amazon,3299.0,363.73,-806.99,2026-04-24 05:54:24
PRO-CC-S-216,amazon,899.0,416.2,-116.0,2026-04-24 05:54:24
PRO-MG-S-216,amazon,3199.0,352.7,-807.0,2026-04-24 05:54:24
PRO-SB-S-216,amazon,3299.0,363.73,-806.99,2026-04-24 05:54:24
PRO-KB-S-216,amazon,3299.0,363.73,-806.99,2026-04-24 05:54:24
ACU-200,amazon,1599.0,799.5,-100.0,2026-04-24 05:54:24
PRO-KB-907,amazon,3299.0,363.73,-806.99,2026-04-24 05:54:24
PRO-RM-907,amazon,3199.0,352.7,-807.0,2026-04-24 05:54:24
PRO-RM-S-216,amazon,3199.0,352.7,-807.0,2026-04-24 05:54:24
ACLC-S-60,amazon,499.0,831.67,40.0,2026-04-24 05:54:24
PRO-CM-S-216,amazon,899.0,416.2,-116.0,2026-04-24 05:54:24
ACMC-S-60,amazon,499.0,831.67,40.0,2026-04-24 05:54:24
EDS-150,amazon,209.0,139.33,-50.0,2026-04-24 05:54:24
EDPP-400,amazon,1099.0,122.11,-800.01,2026-04-24 05:54:24
ACLC-200,amazon,1599.0,799.5,-100.0,2026-04-24 05:54:24
EDF-100,amazon,349.0,349.0,0.0,2026-04-24 05:54:24
EDS-S-480,amazon,719.0,149.79,-380.01,2026-04-24 05:54:24
EDP-400,amazon,1399.0,349.75,-300.0,2026-04-24 05:54:24
EDS-800,amazon,999.0,124.88,-699.97,2026-04-24 05:54:24
WI-900,amazon,4599.0,507.06,-806.99,2026-04-24 05:54:24
CREATINE-100,amazon,399.0,399.0,0.0,2026-04-24 05:54:24
EDS-150,flipkart,,,,2026-04-24 05:54:24
EDF-200,amazon,649.0,324.5,-100.0,2026-04-24 05:54:24
EDP-900,amazon,2399.0,266.56,-799.98,2026-04-24 05:54:24
ACBL-200,amazon,1599.0,799.5,-100.0,2026-04-24 05:54:24
EDS-S-240,amazon,359.0,149.58,-140.01,2026-04-24 05:54:24
EDF-400,amazon,1199.0,299.75,-300.0,2026-04-24 05:54:24
EDF-300,amazon,929.0,309.67,-200.0,2026-04-24 05:54:24
EDF-500,amazon,1399.0,279.8,-400.0,2026-04-24 05:54:24
EDS-S-960,amazon,1199.0,124.9,-859.97,2026-04-24 05:54:24
EDF-600,amazon,1649.0,274833.33,99.4,2026-04-24 05:54:24
EDPP-900,amazon,2099.0,233.22,-800.01,2026-04-24 05:54:24
ACLC-200,amazon,1599.0,799.5,-100.0,2026-04-25 05:26:00
EDP-400,amazon,,,,2026-04-25 05:26:00
EDF-500,amazon,,,,2026-04-25 05:26:00
EDS-S-240,amazon,,,,2026-04-25 05:26:00
EDF-100,amazon,,,,2026-04-25 05:26:00
EDS-150,amazon,,,,2026-04-25 05:26:00
EDF-200,amazon,,,,2026-04-25 05:26:00
EDS-S-480,amazon,,,,2026-04-25 05:26:00
EDF-400,amazon,,,,2026-04-25 05:26:00
EDS-800,amazon,,,,2026-04-25 05:26:00
CREATINE-100,amazon,399.0,399.0,0.0,2026-04-25 05:26:00
WI-900,amazon,,,,2026-04-25 05:26:00
EDS-S-960,amazon,,,,2026-04-25 05:26:00
EDF-300,amazon,,,,2026-04-25 05:26:00
EDS-150,flipkart,,,,2026-04-25 05:26:00
ACBL-200,amazon,1599.0,799.5,-100.0,2026-04-25 05:26:00
EDF-600,amazon,,,,2026-04-25 05:26:00
EDPP-400,amazon,,,,2026-04-25 05:26:00
EDPP-900,amazon,2099.0,233.22,-800.01,2026-04-25 05:26:00
EDP-900,amazon,,,,2026-04-25 05:26:00
PRO-MG-S-216,amazon,3199.0,352.7,-807.0,2026-04-25 05:26:00
ACBL-S-60,amazon,499.0,249.5,-100.0,2026-04-25 05:26:00
ACLC-S-60,amazon,499.0,831.67,40.0,2026-04-25 05:26:00
PRO-SB-907,amazon,3299.0,363.73,-806.99,2026-04-25 05:26:00
PRO-CM-907,amazon,3199.0,352.7,-807.0,2026-04-25 05:26:00
PRO-BN-907,amazon,3299.0,363.73,-806.99,2026-04-25 05:26:00
PRO-MG-907,amazon,3199.0,352.7,-807.0,2026-04-25 05:26:00
PRO-KB-907,amazon,3199.0,352.7,-807.0,2026-04-25 05:26:00
PRO-CM-S-216,amazon,899.0,416.2,-116.0,2026-04-25 05:26:00
ACMC-200,amazon,1599.0,799.5,-100.0,2026-04-25 05:26:00
PRO-CC-907,amazon,3199.0,352.7,-807.0,2026-04-25 05:26:00
PRO-RM-907,amazon,3199.0,352.7,-807.0,2026-04-25 05:26:00
EDS-400,amazon,,,,2026-04-25 05:26:00
PRO-KB-S-216,amazon,3199.0,352.7,-807.0,2026-04-25 05:26:00
ACMC-S-60,amazon,499.0,831.67,40.0,2026-04-25 05:26:00
PRO-RM-S-216,amazon,3199.0,352.7,-807.0,2026-04-25 05:26:00
ACU-200,amazon,1599.0,799.5,-100.0,2026-04-25 05:26:00
PRO-CC-S-216,amazon,899.0,416.2,-116.0,2026-04-25 05:26:00
ACU-S-60,amazon,499.0,249.5,-100.0,2026-04-25 05:26:00
PRO-SB-S-216,amazon,3299.0,363.73,-806.99,2026-04-25 05:26:00
ACU-200,amazon,1599.0,799.5,-100.0,2026-04-26 05:55:21
PRO-CM-S-216,amazon,899.0,416.2,-116.0,2026-04-26 05:55:21
PRO-RM-907,amazon,3199.0,352.7,-807.0,2026-04-26 05:55:21
PRO-CM-907,amazon,3199.0,352.7,-807.0,2026-04-26 05:55:21
PRO-SB-907,amazon,3299.0,363.73,-806.99,2026-04-26 05:55:21
PRO-MG-907,amazon,3199.0,352.7,-807.0,2026-04-26 05:55:21
ACLC-S-60,amazon,499.0,831.67,40.0,2026-04-26 05:55:21
PRO-MG-S-216,amazon,3199.0,352.7,-807.0,2026-04-26 05:55:21
EDS-S-960,amazon,1199.0,124.9,-859.97,2026-04-26 05:55:21
PRO-KB-907,amazon,3199.0,352.7,-807.0,2026-04-26 05:55:21
ACU-S-60,amazon,499.0,249.5,-100.0,2026-04-26 05:55:21
PRO-SB-S-216,amazon,3299.0,363.73,-806.99,2026-04-26 05:55:21
PRO-KB-S-216,amazon,3199.0,352.7,-807.0,2026-04-26 05:55:21
PRO-BN-907,amazon,3299.0,363.73,-806.99,2026-04-26 05:55:21
ACMC-200,amazon,1599.0,799.5,-100.0,2026-04-26 05:55:21
ACMC-S-60,amazon,499.0,831.67,40.0,2026-04-26 05:55:21
PRO-CC-907,amazon,3199.0,352.7,-807.0,2026-04-26 05:55:21
PRO-RM-S-216,amazon,3199.0,352.7,-807.0,2026-04-26 05:55:21
PRO-CC-S-216,amazon,899.0,416.2,-116.0,2026-04-26 05:55:21
ACBL-S-60,amazon,499.0,249.5,-100.0,2026-04-26 05:55:21
CREATINE-100,amazon,399.0,399.0,0.0,2026-04-26 05:55:21
EDP-400,amazon,1399.0,349.75,-300.0,2026-04-26 05:55:21
EDF-400,amazon,,,,2026-04-26 05:55:21
EDS-S-480,amazon,,,,2026-04-26 05:55:21
EDF-200,amazon,,,,2026-04-26 05:55:21
EDF-600,amazon,,,,2026-04-26 05:55:21
ACBL-200,amazon,1599.0,799.5,-100.0,2026-04-26 05:55:21
ACLC-200,amazon,1599.0,799.5,-100.0,2026-04-26 05:55:21
EDF-100,amazon,,,,2026-04-26 05:55:21
EDS-800,amazon,999.0,124.88,-699.97,2026-04-26 05:55:21
EDS-150,flipkart,,,,2026-04-26 05:55:21
EDS-150,amazon,,,,2026-04-26 05:55:21
EDPP-400,amazon,1099.0,122.11,-800.01,2026-04-26 05:55:21
WI-900,amazon,4599.0,507.06,-806.99,2026-04-26 05:55:21
EDP-900,amazon,2399.0,266.56,-799.98,2026-04-26 05:55:21
EDS-S-240,amazon,,,,2026-04-26 05:55:21
EDF-500,amazon,,,,2026-04-26 05:55:21
EDS-400,amazon,529.0,132.25,-300.0,2026-04-26 05:55:21
EDPP-900,amazon,2099.0,233.22,-800.01,2026-04-26 05:55:21
EDF-300,amazon,,,,2026-04-26 05:55:21
EDF-100,amazon,,,,2026-04-27 06:14:00
PRO-BN-907,amazon,3299.0,363.73,-806.99,2026-04-27 06:14:00
EDP-900,amazon,2399.0,266.56,-799.98,2026-04-27 06:14:00
EDF-400,amazon,,,,2026-04-27 06:14:00
EDF-600,amazon,,,,2026-04-27 06:14:00
CREATINE-100,amazon,,,,2026-04-27 06:14:00
EDS-150,flipkart,,,,2026-04-27 06:14:00
EDS-800,amazon,,,,2026-04-27 06:14:00
EDP-400,amazon,,,,2026-04-27 06:14:00
EDPP-400,amazon,1099.0,122.11,-800.01,2026-04-27 06:14:00
ACLC-200,amazon,1599.0,799.5,-100.0,2026-04-27 06:14:00
ACBL-200,amazon,1599.0,799.5,-100.0,2026-04-27 06:14:00
EDS-400,amazon,,,,2026-04-27 06:14:00
WI-900,amazon,,,,2026-04-27 06:14:00
EDF-300,amazon,,,,2026-04-27 06:14:00
EDPP-900,amazon,2099.0,233.22,-800.01,2026-04-27 06:14:00
EDF-500,amazon,,,,2026-04-27 06:14:00
EDS-150,amazon,,,,2026-04-27 06:14:00
EDS-S-240,amazon,,,,2026-04-27 06:14:00
EDF-200,amazon,,,,2026-04-27 06:14:00
PRO-RM-S-216,amazon,3199.0,352.7,-807.0,2026-04-27 06:14:00
ACLC-S-60,amazon,499.0,831.67,40.0,2026-04-27 06:14:00
PRO-CM-S-216,amazon,899.0,416.2,-116.0,2026-04-27 06:14:00
ACMC-200,amazon,1599.0,799.5,-100.0,2026-04-27 06:14:00
ACU-S-60,amazon,499.0,249.5,-100.0,2026-04-27 06:14:00
ACMC-S-60,amazon,499.0,831.67,40.0,2026-04-27 06:14:00
PRO-RM-907,amazon,3199.0,352.7,-807.0,2026-04-27 06:14:00
EDS-S-960,amazon,,,,2026-04-27 06:14:00
PRO-SB-907,amazon,3299.0,363.73,-806.99,2026-04-27 06:14:00
PRO-MG-907,amazon,3199.0,352.7,-807.0,2026-04-27 06:14:00
PRO-CM-907,amazon,3199.0,352.7,-807.0,2026-04-27 06:14:00
PRO-CC-907,amazon,3199.0,352.7,-807.0,2026-04-27 06:14:00
ACU-200,amazon,1599.0,799.5,-100.0,2026-04-27 06:14:00
PRO-SB-S-216,amazon,3299.0,363.73,-806.99,2026-04-27 06:14:00
PRO-KB-907,amazon,3199.0,352.7,-807.0,2026-04-27 06:14:00
PRO-KB-S-216,amazon,3199.0,352.7,-807.0,2026-04-27 06:14:00
PRO-MG-S-216,amazon,3199.0,352.7,-807.0,2026-04-27 06:14:00
ACBL-S-60,amazon,499.0,249.5,-100.0,2026-04-27 06:14:00
EDS-S-480,amazon,,,,2026-04-27 06:14:00
PRO-CC-S-216,amazon,899.0,416.2,-116.0,2026-04-27 06:14:00
PRO-RM-907,amazon,3199.0,352.7,-807.0,2026-04-28 06:17:25
PRO-CC-S-216,amazon,899.0,416.2,-116.0,2026-04-28 06:17:25
PRO-MG-907,amazon,3199.0,352.7,-807.0,2026-04-28 06:17:25
PRO-SB-S-216,amazon,3299.0,363.73,-806.99,2026-04-28 06:17:25
PRO-KB-S-216,amazon,3199.0,352.7,-807.0,2026-04-28 06:17:25
ACMC-200,amazon,1599.0,799.5,-100.0,2026-04-28 06:17:25
PRO-CM-907,amazon,3199.0,352.7,-807.0,2026-04-28 06:17:25
PRO-KB-907,amazon,3199.0,352.7,-807.0,2026-04-28 06:17:25
PRO-RM-S-216,amazon,3199.0,352.7,-807.0,2026-04-28 06:17:25
PRO-BN-907,amazon,3299.0,363.73,-806.99,2026-04-28 06:17:25
ACMC-S-60,amazon,499.0,831.67,40.0,2026-04-28 06:17:25
PRO-CC-907,amazon,3199.0,352.7,-807.0,2026-04-28 06:17:25
ACU-200,amazon,1599.0,799.5,-100.0,2026-04-28 06:17:25
ACLC-S-60,amazon,499.0,831.67,40.0,2026-04-28 06:17:25
PRO-MG-S-216,amazon,3199.0,352.7,-807.0,2026-04-28 06:17:25
PRO-CM-S-216,amazon,899.0,416.2,-116.0,2026-04-28 06:17:25
ACBL-S-60,amazon,499.0,249.5,-100.0,2026-04-28 06:17:25
PRO-SB-907,amazon,3299.0,363.73,-806.99,2026-04-28 06:17:25
EDS-S-960,amazon,,,,2026-04-28 06:17:25
ACU-S-60,amazon,499.0,249.5,-100.0,2026-04-28 06:17:25
EDS-150,flipkart,500.0,649.0,22.96,2026-04-28 06:17:25
EDP-400,amazon,1399.0,349.75,-300.0,2026-04-28 06:17:25
EDF-100,amazon,,,,2026-04-28 06:17:25
EDF-500,amazon,,,,2026-04-28 06:17:25
EDS-S-480,amazon,,,,2026-04-28 06:17:25
EDF-200,amazon,,,,2026-04-28 06:17:25
ACLC-200,amazon,1599.0,799.5,-100.0,2026-04-28 06:17:25
EDF-400,amazon,,,,2026-04-28 06:17:25
EDF-600,amazon,,,,2026-04-28 06:17:25
WI-900,amazon,4599.0,507.06,-806.99,2026-04-28 06:17:25
EDS-S-240,amazon,,,,2026-04-28 06:17:25
EDPP-900,amazon,2099.0,233.22,-800.01,2026-04-28 06:17:25
EDS-150,amazon,,,,2026-04-28 06:17:25
ACBL-200,amazon,1599.0,799.5,-100.0,2026-04-28 06:17:25
EDPP-400,amazon,1099.0,122.11,-800.01,2026-04-28 06:17:25
EDF-300,amazon,,,,2026-04-28 06:17:25
EDP-900,amazon,2399.0,266.56,-799.98,2026-04-28 06:17:25
CREATINE-100,amazon,399.0,399.0,0.0,2026-04-28 06:17:25
EDS-400,amazon,529.0,132.25,-300.0,2026-04-28 06:17:25
EDS-800,amazon,999.0,124.88,-699.97,2026-04-28 06:17:25
EDF-100,amazon,,,,2026-04-29 06:11:38
EDS-S-240,amazon,358.0,149.17,-139.99,2026-04-29 06:11:38
EDS-150,amazon,249.0,166.0,-50.0,2026-04-29 06:11:38
EDS-150,flipkart,,,,2026-04-29 06:11:38
EDS-800,amazon,998.0,124.75,-700.0,2026-04-29 06:11:38
EDF-500,amazon,1399.0,279.8,-400.0,2026-04-29 06:11:38
WI-900,amazon,4599.0,507.06,-806.99,2026-04-29 06:11:38
CREATINE-100,amazon,399.0,399.0,0.0,2026-04-29 06:11:38
ACLC-200,amazon,1599.0,799.5,-100.0,2026-04-29 06:11:38
EDF-600,amazon,1649.0,274833.33,99.4,2026-04-29 06:11:38
ACBL-200,amazon,1599.0,799.5,-100.0,2026-04-29 06:11:38
EDF-400,amazon,1199.0,299.75,-300.0,2026-04-29 06:11:38
EDS-S-480,amazon,719.0,149.79,-380.01,2026-04-29 06:11:38
EDP-900,amazon,2399.0,266.56,-799.98,2026-04-29 06:11:38
EDF-200,amazon,,,,2026-04-29 06:11:38
EDPP-900,amazon,2099.0,233.22,-800.01,2026-04-29 06:11:38
EDPP-400,amazon,1099.0,122.11,-800.01,2026-04-29 06:11:38
EDP-400,amazon,1399.0,349.75,-300.0,2026-04-29 06:11:38
EDS-400,amazon,528.0,132.0,-300.0,2026-04-29 06:11:38
EDF-300,amazon,,,,2026-04-29 06:11:38
PRO-KB-S-216,amazon,3199.0,352.7,-807.0,2026-04-29 06:11:38
PRO-RM-907,amazon,3199.0,352.7,-807.0,2026-04-29 06:11:38
EDS-S-960,amazon,1199.0,124.9,-859.97,2026-04-29 06:11:38
PRO-MG-907,amazon,3199.0,352.7,-807.0,2026-04-29 06:11:38
ACMC-S-60,amazon,499.0,831.67,40.0,2026-04-29 06:11:38
PRO-MG-S-216,amazon,3199.0,352.7,-807.0,2026-04-29 06:11:38
ACU-S-60,amazon,499.0,249.5,-100.0,2026-04-29 06:11:38
PRO-CM-S-216,amazon,899.0,416.2,-116.0,2026-04-29 06:11:38
ACLC-S-60,amazon,499.0,831.67,40.0,2026-04-29 06:11:38
ACU-200,amazon,1599.0,799.5,-100.0,2026-04-29 06:11:38
PRO-SB-S-216,amazon,3299.0,363.73,-806.99,2026-04-29 06:11:38
ACBL-S-60,amazon,499.0,249.5,-100.0,2026-04-29 06:11:38
PRO-BN-907,amazon,3299.0,363.73,-806.99,2026-04-29 06:11:38
PRO-CM-907,amazon,3199.0,352.7,-807.0,2026-04-29 06:11:38
PRO-RM-S-216,amazon,3199.0,352.7,-807.0,2026-04-29 06:11:38
PRO-KB-907,amazon,3199.0,352.7,-807.0,2026-04-29 06:11:38
PRO-CC-907,amazon,3199.0,352.7,-807.0,2026-04-29 06:11:38
ACMC-200,amazon,1599.0,799.5,-100.0,2026-04-29 06:11:38
PRO-CC-S-216,amazon,899.0,416.2,-116.0,2026-04-29 06:11:38
PRO-SB-907,amazon,3299.0,363.73,-806.99,2026-04-29 06:11:38
ACMC-200,amazon,1599.0,799.5,-100.0,2026-04-30 06:16:06
PRO-RM-S-216,amazon,3199.0,352.7,-807.0,2026-04-30 06:16:06
ACU-S-60,amazon,499.0,249.5,-100.0,2026-04-30 06:16:06
ACBL-S-60,amazon,499.0,249.5,-100.0,2026-04-30 06:16:06
PRO-CC-907,amazon,3199.0,352.7,-807.0,2026-04-30 06:16:06
ACLC-S-60,amazon,499.0,831.67,40.0,2026-04-30 06:16:06
EDP-900,amazon,2399.0,266.56,-799.98,2026-04-30 06:16:06
EDS-S-960,amazon,1199.0,124.9,-859.97,2026-04-30 06:16:06
PRO-RM-907,amazon,3199.0,352.7,-807.0,2026-04-30 06:16:06
ACMC-S-60,amazon,499.0,831.67,40.0,2026-04-30 06:16:06
PRO-MG-S-216,amazon,3199.0,352.7,-807.0,2026-04-30 06:16:06
PRO-SB-S-216,amazon,3299.0,363.73,-806.99,2026-04-30 06:16:06
ACU-200,amazon,1599.0,799.5,-100.0,2026-04-30 06:16:06
PRO-SB-907,amazon,3299.0,363.73,-806.99,2026-04-30 06:16:06
PRO-MG-907,amazon,3199.0,352.7,-807.0,2026-04-30 06:16:06
PRO-CC-S-216,amazon,899.0,416.2,-116.0,2026-04-30 06:16:06
PRO-BN-907,amazon,3299.0,363.73,-806.99,2026-04-30 06:16:06
PRO-KB-S-216,amazon,3199.0,352.7,-807.0,2026-04-30 06:16:06
PRO-KB-907,amazon,3199.0,352.7,-807.0,2026-04-30 06:16:06
PRO-CM-S-216,amazon,899.0,416.2,-116.0,2026-04-30 06:16:06
PRO-CM-907,amazon,3199.0,352.7,-807.0,2026-04-30 06:16:06
EDS-800,amazon,998.0,124.75,-700.0,2026-04-30 06:16:06
EDF-500,amazon,1399.0,279.8,-400.0,2026-04-30 06:16:06
EDF-200,amazon,,,,2026-04-30 06:16:06
EDS-150,amazon,249.0,166.0,-50.0,2026-04-30 06:16:06
EDF-100,amazon,,,,2026-04-30 06:16:06
EDF-300,amazon,,,,2026-04-30 06:16:06
EDF-400,amazon,,,,2026-04-30 06:16:06
EDS-S-480,amazon,719.0,149.79,-380.01,2026-04-30 06:16:06
EDF-600,amazon,1649.0,274833.33,99.4,2026-04-30 06:16:06
EDS-150,flipkart,598.0,800.0,25.25,2026-04-30 06:16:06
EDS-400,amazon,528.0,132.0,-300.0,2026-04-30 06:16:06
ACBL-200,amazon,1599.0,799.5,-100.0,2026-04-30 06:16:06
ACLC-200,amazon,1599.0,799.5,-100.0,2026-04-30 06:16:06
EDPP-900,amazon,2099.0,233.22,-800.01,2026-04-30 06:16:06
EDP-400,amazon,1399.0,349.75,-300.0,2026-04-30 06:16:06
WI-900,amazon,4599.0,507.06,-806.99,2026-04-30 06:16:06
CREATINE-100,amazon,399.0,399.0,0.0,2026-04-30 06:16:06
EDS-S-240,amazon,358.0,149.17,-139.99,2026-04-30 06:16:06
EDPP-400,amazon,1099.0,122.11,-800.01,2026-04-30 06:16:06
EDF-600,amazon,1649.0,274833.33,99.4,2026-05-01 06:27:59
EDS-400,amazon,528.0,132.0,-300.0,2026-05-01 06:27:59
WI-900,amazon,4599.0,507.06,-806.99,2026-05-01 06:27:59
EDF-300,amazon,,,,2026-05-01 06:27:59
EDF-100,amazon,,,,2026-05-01 06:27:59
EDS-S-480,amazon,719.0,149.79,-380.01,2026-05-01 06:27:59
EDF-200,amazon,,,,2026-05-01 06:27:59
EDPP-400,amazon,1099.0,122.11,-800.01,2026-05-01 06:27:59
EDF-400,amazon,1199.0,299.75,-300.0,2026-05-01 06:27:59
ACLC-200,amazon,1599.0,799.5,-100.0,2026-05-01 06:27:59
EDP-900,amazon,2399.0,266.56,-799.98,2026-05-01 06:27:59
EDP-400,amazon,1399.0,349.75,-300.0,2026-05-01 06:27:59
EDS-800,amazon,998.0,124.75,-700.0,2026-05-01 06:27:59
ACBL-200,amazon,1599.0,799.5,-100.0,2026-05-01 06:27:59
EDS-150,amazon,249.0,166.0,-50.0,2026-05-01 06:27:59
EDF-500,amazon,1399.0,279.8,-400.0,2026-05-01 06:27:59
CREATINE-100,amazon,399.0,399.0,0.0,2026-05-01 06:27:59
EDS-S-240,amazon,358.0,149.17,-139.99,2026-05-01 06:27:59
EDPP-900,amazon,2099.0,233.22,-800.01,2026-05-01 06:27:59
EDS-150,flipkart,,,,2026-05-01 06:27:59
PRO-SB-S-216,amazon,3299.0,363.73,-806.99,2026-05-01 06:27:59
PRO-CM-907,amazon,3199.0,352.7,-807.0,2026-05-01 06:27:59
ACMC-S-60,amazon,499.0,831.67,40.0,2026-05-01 06:27:59
PRO-CC-S-216,amazon,899.0,416.2,-116.0,2026-05-01 06:27:59
PRO-KB-907,amazon,3199.0,352.7,-807.0,2026-05-01 06:27:59
PRO-MG-907,amazon,3199.0,352.7,-807.0,2026-05-01 06:27:59
EDS-S-960,amazon,1199.0,124.9,-859.97,2026-05-01 06:27:59
ACU-200,amazon,1599.0,799.5,-100.0,2026-05-01 06:27:59
ACU-S-60,amazon,499.0,249.5,-100.0,2026-05-01 06:27:59
PRO-RM-907,amazon,3299.0,363.73,-806.99,2026-05-01 06:27:59
PRO-CM-S-216,amazon,899.0,416.2,-116.0,2026-05-01 06:27:59
PRO-MG-S-216,amazon,3199.0,352.7,-807.0,2026-05-01 06:27:59
ACLC-S-60,amazon,499.0,831.67,40.0,2026-05-01 06:27:59
PRO-BN-907,amazon,3299.0,363.73,-806.99,2026-05-01 06:27:59
ACMC-200,amazon,1599.0,799.5,-100.0,2026-05-01 06:27:59
PRO-KB-S-216,amazon,3199.0,352.7,-807.0,2026-05-01 06:27:59
PRO-SB-907,amazon,3299.0,363.73,-806.99,2026-05-01 06:27:59
PRO-CC-907,amazon,3199.0,352.7,-807.0,2026-05-01 06:27:59
ACBL-S-60,amazon,499.0,249.5,-100.0,2026-05-01 06:27:59
PRO-RM-S-216,amazon,3299.0,363.73,-806.99,2026-05-01 06:27:59
ACMC-200,amazon,1457.0,728.5,-100.0,2026-05-02 05:53:03
PRO-CC-S-216,amazon,899.0,416.2,-116.0,2026-05-02 05:53:03
PRO-KB-907,amazon,3199.0,352.7,-807.0,2026-05-02 05:53:03
EDF-400,amazon,,,,2026-05-02 05:53:03
ACBL-S-60,amazon,449.0,224.5,-100.0,2026-05-02 05:53:03
EDS-S-960,amazon,1199.0,124.9,-859.97,2026-05-02 05:53:03
PRO-RM-S-216,amazon,3299.0,363.73,-806.99,2026-05-02 05:53:03
ACLC-S-60,amazon,499.0,831.67,40.0,2026-05-02 05:53:03
ACMC-S-60,amazon,448.0,746.67,40.0,2026-05-02 05:53:03
PRO-RM-907,amazon,3299.0,363.73,-806.99,2026-05-02 05:53:03
PRO-SB-S-216,amazon,3299.0,363.73,-806.99,2026-05-02 05:53:03
PRO-CM-907,amazon,3199.0,352.7,-807.0,2026-05-02 05:53:03
ACU-200,amazon,1457.0,728.5,-100.0,2026-05-02 05:53:03
ACU-S-60,amazon,449.0,224.5,-100.0,2026-05-02 05:53:03
PRO-BN-907,amazon,3299.0,363.73,-806.99,2026-05-02 05:53:03
PRO-CC-907,amazon,3199.0,352.7,-807.0,2026-05-02 05:53:03
PRO-CM-S-216,amazon,899.0,416.2,-116.0,2026-05-02 05:53:03
PRO-MG-S-216,amazon,3199.0,352.7,-807.0,2026-05-02 05:53:03
PRO-SB-907,amazon,3299.0,363.73,-806.99,2026-05-02 05:53:03
PRO-MG-907,amazon,3199.0,352.7,-807.0,2026-05-02 05:53:03
EDS-150,amazon,,,,2026-05-02 05:53:03
EDF-100,amazon,,,,2026-05-02 05:53:03
PRO-KB-S-216,amazon,3199.0,352.7,-807.0,2026-05-02 05:53:03
EDPP-400,amazon,1099.0,122.11,-800.01,2026-05-02 05:53:03
EDF-300,amazon,,,,2026-05-02 05:53:03
EDF-500,amazon,,,,2026-05-02 05:53:03
EDS-150,flipkart,,,,2026-05-02 05:53:03
EDS-S-480,amazon,719.0,149.79,-380.01,2026-05-02 05:53:03
EDS-S-240,amazon,358.0,149.17,-139.99,2026-05-02 05:53:03
EDPP-900,amazon,2099.0,233.22,-800.01,2026-05-02 05:53:03
EDF-200,amazon,,,,2026-05-02 05:53:03
EDP-400,amazon,1399.0,349.75,-300.0,2026-05-02 05:53:03
EDP-900,amazon,2399.0,266.56,-799.98,2026-05-02 05:53:03
ACBL-200,amazon,1457.0,728.5,-100.0,2026-05-02 05:53:03
EDS-800,amazon,998.0,124.75,-700.0,2026-05-02 05:53:03
EDF-600,amazon,,,,2026-05-02 05:53:03
CREATINE-100,amazon,399.0,399.0,0.0,2026-05-02 05:53:03
EDS-400,amazon,528.0,132.0,-300.0,2026-05-02 05:53:03
WI-900,amazon,4599.0,507.06,-806.99,2026-05-02 05:53:03
ACLC-200,amazon,1457.0,728.5,-100.0,2026-05-02 05:53:03
ACLC-200,amazon,1457.0,728.5,-100.0,2026-05-03 06:15:11
EDS-150,flipkart,,,,2026-05-03 06:15:11
EDS-S-240,amazon,,,,2026-05-03 06:15:11
EDF-400,amazon,,,,2026-05-03 06:15:11
EDF-600,amazon,,,,2026-05-03 06:15:11
EDF-300,amazon,,,,2026-05-03 06:15:11
EDF-100,amazon,,,,2026-05-03 06:15:11
EDS-150,amazon,,,,2026-05-03 06:15:11
CREATINE-100,amazon,399.0,399.0,0.0,2026-05-03 06:15:11
EDS-S-480,amazon,,,,2026-05-03 06:15:11
EDP-900,amazon,2399.0,266.56,-799.98,2026-05-03 06:15:11
WI-900,amazon,4599.0,507.06,-806.99,2026-05-03 06:15:11
EDP-400,amazon,1399.0,349.75,-300.0,2026-05-03 06:15:11
EDF-200,amazon,,,,2026-05-03 06:15:11
ACBL-200,amazon,1457.0,728.5,-100.0,2026-05-03 06:15:11
EDPP-400,amazon,1099.0,122.11,-800.01,2026-05-03 06:15:11
EDS-400,amazon,528.0,132.0,-300.0,2026-05-03 06:15:11
EDF-500,amazon,,,,2026-05-03 06:15:11
EDS-800,amazon,998.0,124.75,-700.0,2026-05-03 06:15:11
EDPP-900,amazon,2099.0,233.22,-800.01,2026-05-03 06:15:11
PRO-MG-907,amazon,3199.0,352.7,-807.0,2026-05-03 06:15:11
PRO-MG-S-216,amazon,3199.0,352.7,-807.0,2026-05-03 06:15:11
PRO-SB-907,amazon,3299.0,363.73,-806.99,2026-05-03 06:15:11
EDS-S-960,amazon,1199.0,124.9,-859.97,2026-05-03 06:15:11
PRO-KB-907,amazon,3199.0,352.7,-807.0,2026-05-03 06:15:11
ACBL-S-60,amazon,449.0,224.5,-100.0,2026-05-03 06:15:11
PRO-CC-907,amazon,3199.0,352.7,-807.0,2026-05-03 06:15:11
PRO-RM-907,amazon,3299.0,363.73,-806.99,2026-05-03 06:15:11
ACLC-S-60,amazon,499.0,831.67,40.0,2026-05-03 06:15:11
ACMC-S-60,amazon,448.0,746.67,40.0,2026-05-03 06:15:11
PRO-SB-S-216,amazon,3299.0,363.73,-806.99,2026-05-03 06:15:11
PRO-CC-S-216,amazon,899.0,416.2,-116.0,2026-05-03 06:15:11
PRO-BN-907,amazon,3299.0,363.73,-806.99,2026-05-03 06:15:11
ACMC-200,amazon,1457.0,728.5,-100.0,2026-05-03 06:15:11
PRO-CM-907,amazon,3199.0,352.7,-807.0,2026-05-03 06:15:11
ACU-200,amazon,1457.0,728.5,-100.0,2026-05-03 06:15:11
PRO-KB-S-216,amazon,3199.0,352.7,-807.0,2026-05-03 06:15:11
PRO-CM-S-216,amazon,899.0,416.2,-116.0,2026-05-03 06:15:11
PRO-RM-S-216,amazon,3299.0,363.73,-806.99,2026-05-03 06:15:11
ACU-S-60,amazon,449.0,224.5,-100.0,2026-05-03 06:15:11
ACMC-S-60,amazon,448.0,746.67,40.0,2026-05-04 06:25:47
PRO-RM-907,amazon,3299.0,363.73,-806.99,2026-05-04 06:25:47
PRO-KB-907,amazon,3299.0,363.73,-806.99,2026-05-04 06:25:47
PRO-MG-907,amazon,3299.0,363.73,-806.99,2026-05-04 06:25:47
PRO-BN-907,amazon,3299.0,363.73,-806.99,2026-05-04 06:25:47
ACMC-200,amazon,1457.0,728.5,-100.0,2026-05-04 06:25:47
PRO-SB-S-216,amazon,3299.0,363.73,-806.99,2026-05-04 06:25:47
PRO-CC-907,amazon,3199.0,352.7,-807.0,2026-05-04 06:25:47
ACU-S-60,amazon,449.0,224.5,-100.0,2026-05-04 06:25:47
ACLC-S-60,amazon,499.0,831.67,40.0,2026-05-04 06:25:47
PRO-KB-S-216,amazon,3299.0,363.73,-806.99,2026-05-04 06:25:47
PRO-SB-907,amazon,3299.0,363.73,-806.99,2026-05-04 06:25:47
PRO-CM-S-216,amazon,899.0,416.2,-116.0,2026-05-04 06:25:47
ACU-200,amazon,1457.0,728.5,-100.0,2026-05-04 06:25:47
PRO-CC-S-216,amazon,899.0,416.2,-116.0,2026-05-04 06:25:47
EDS-400,amazon,528.0,132.0,-300.0,2026-05-04 06:25:47
PRO-MG-S-216,amazon,3299.0,363.73,-806.99,2026-05-04 06:25:47
ACBL-S-60,amazon,449.0,224.5,-100.0,2026-05-04 06:25:47
PRO-CM-907,amazon,3199.0,352.7,-807.0,2026-05-04 06:25:47
PRO-RM-S-216,amazon,3299.0,363.73,-806.99,2026-05-04 06:25:47
ACBL-200,amazon,1457.0,728.5,-100.0,2026-05-04 06:25:47
EDF-400,amazon,1199.0,299.75,-300.0,2026-05-04 06:25:47
EDS-150,flipkart,800.0,1300.0,38.46,2026-05-04 06:25:47
EDF-600,amazon,1649.0,274833.33,99.4,2026-05-04 06:25:47
CREATINE-100,amazon,399.0,399.0,0.0,2026-05-04 06:25:47
EDF-200,amazon,,,,2026-05-04 06:25:47
EDF-100,amazon,,,,2026-05-04 06:25:47
EDS-S-240,amazon,358.0,149.17,-139.99,2026-05-04 06:25:47
EDF-300,amazon,,,,2026-05-04 06:25:47
EDS-150,amazon,249.0,166.0,-50.0,2026-05-04 06:25:47
EDS-S-960,amazon,1199.0,124.9,-859.97,2026-05-04 06:25:47
EDP-400,amazon,1399.0,349.75,-300.0,2026-05-04 06:25:47
EDS-800,amazon,998.0,124.75,-700.0,2026-05-04 06:25:47
WI-900,amazon,4599.0,507.06,-806.99,2026-05-04 06:25:47
ACLC-200,amazon,1457.0,728.5,-100.0,2026-05-04 06:25:47
EDP-900,amazon,2399.0,266.56,-799.98,2026-05-04 06:25:47
EDPP-400,amazon,1099.0,122.11,-800.01,2026-05-04 06:25:47
EDF-500,amazon,1399.0,279.8,-400.0,2026-05-04 06:25:47
EDS-S-480,amazon,719.0,149.79,-380.01,2026-05-04 06:25:47
EDPP-900,amazon,2099.0,233.22,-800.01,2026-05-04 06:25:47
CREATINE-100,amazon,299.0,299.0,0.0,2026-05-05 06:01:58
EDF-100,amazon,,,,2026-05-05 06:01:58
EDF-300,amazon,,,,2026-05-05 06:01:58
EDF-400,amazon,,,,2026-05-05 06:01:58
EDS-S-480,amazon,,,,2026-05-05 06:01:58
EDF-600,amazon,,,,2026-05-05 06:01:58
EDF-200,amazon,,,,2026-05-05 06:01:58
EDS-150,amazon,,,,2026-05-05 06:01:58
EDP-400,amazon,,,,2026-05-05 06:01:58
EDPP-900,amazon,1999.0,222.11,-800.0,2026-05-05 06:01:58
WI-900,amazon,,,,2026-05-05 06:01:58
EDF-500,amazon,,,,2026-05-05 06:01:58
EDP-900,amazon,2299.0,255.44,-800.02,2026-05-05 06:01:58
EDS-S-240,amazon,,,,2026-05-05 06:01:58
ACBL-200,amazon,1457.0,728.5,-100.0,2026-05-05 06:01:58
EDS-S-960,amazon,,,,2026-05-05 06:01:58
ACLC-200,amazon,1457.0,728.5,-100.0,2026-05-05 06:01:58
EDS-800,amazon,,,,2026-05-05 06:01:58
EDS-150,flipkart,,,,2026-05-05 06:01:58
EDPP-400,amazon,999.0,111.0,-800.0,2026-05-05 06:01:58
PRO-KB-907,amazon,3199.0,352.7,-807.0,2026-05-05 06:01:58
ACBL-S-60,amazon,449.0,224.5,-100.0,2026-05-05 06:01:58
PRO-MG-907,amazon,3199.0,352.7,-807.0,2026-05-05 06:01:58
PRO-CM-907,amazon,3199.0,352.7,-807.0,2026-05-05 06:01:58
ACLC-S-60,amazon,449.0,748.33,40.0,2026-05-05 06:01:58
PRO-RM-S-216,amazon,3199.0,352.7,-807.0,2026-05-05 06:01:58
EDS-400,amazon,,,,2026-05-05 06:01:58
PRO-SB-S-216,amazon,3199.0,352.7,-807.0,2026-05-05 06:01:58
ACMC-S-60,amazon,448.0,746.67,40.0,2026-05-05 06:01:58
PRO-SB-907,amazon,3199.0,352.7,-807.0,2026-05-05 06:01:58
PRO-CC-907,amazon,3199.0,352.7,-807.0,2026-05-05 06:01:58
ACU-200,amazon,1457.0,728.5,-100.0,2026-05-05 06:01:58
PRO-CC-S-216,amazon,849.0,393.06,-116.0,2026-05-05 06:01:58
PRO-BN-907,amazon,3199.0,352.7,-807.0,2026-05-05 06:01:58
ACU-S-60,amazon,449.0,224.5,-100.0,2026-05-05 06:01:58
PRO-RM-907,amazon,3199.0,352.7,-807.0,2026-05-05 06:01:58
ACMC-200,amazon,1457.0,728.5,-100.0,2026-05-05 06:01:58
PRO-CM-S-216,amazon,849.0,393.06,-116.0,2026-05-05 06:01:58
PRO-KB-S-216,amazon,3199.0,352.7,-807.0,2026-05-05 06:01:58
PRO-MG-S-216,amazon,3199.0,352.7,-807.0,2026-05-05 06:01:58
PRO-CM-907,amazon,3199.0,352.7,-807.0,2026-05-06 06:16:47
ACLC-S-60,amazon,449.0,748.33,40.0,2026-05-06 06:16:47
PRO-CC-907,amazon,3199.0,352.7,-807.0,2026-05-06 06:16:47
PRO-SB-S-216,amazon,3199.0,352.7,-807.0,2026-05-06 06:16:47
ACU-S-60,amazon,449.0,224.5,-100.0,2026-05-06 06:16:47
PRO-KB-907,amazon,3199.0,352.7,-807.0,2026-05-06 06:16:47
EDS-S-240,amazon,,,,2026-05-06 06:16:47
PRO-RM-907,amazon,3199.0,352.7,-807.0,2026-05-06 06:16:47
PRO-BN-907,amazon,3199.0,352.7,-807.0,2026-05-06 06:16:47
PRO-CM-S-216,amazon,849.0,393.06,-116.0,2026-05-06 06:16:47
ACU-200,amazon,1457.0,728.5,-100.0,2026-05-06 06:16:47
PRO-SB-907,amazon,3199.0,352.7,-807.0,2026-05-06 06:16:47
PRO-RM-S-216,amazon,3199.0,352.7,-807.0,2026-05-06 06:16:47
ACMC-200,amazon,1457.0,728.5,-100.0,2026-05-06 06:16:47
PRO-CC-S-216,amazon,849.0,393.06,-116.0,2026-05-06 06:16:47
PRO-MG-907,amazon,3199.0,352.7,-807.0,2026-05-06 06:16:47
EDS-400,amazon,499.0,124.75,-300.0,2026-05-06 06:16:47
PRO-MG-S-216,amazon,3199.0,352.7,-807.0,2026-05-06 06:16:47
ACBL-S-60,amazon,449.0,224.5,-100.0,2026-05-06 06:16:47
ACMC-S-60,amazon,448.0,746.67,40.0,2026-05-06 06:16:47
ACLC-200,amazon,1457.0,728.5,-100.0,2026-05-06 06:16:47
EDS-S-960,amazon,,,,2026-05-06 06:16:47
EDP-900,amazon,2299.0,255.44,-800.02,2026-05-06 06:16:47
EDF-400,amazon,,,,2026-05-06 06:16:47
EDF-200,amazon,,,,2026-05-06 06:16:47
EDS-150,amazon,,,,2026-05-06 06:16:47
EDF-100,amazon,,,,2026-05-06 06:16:47
PRO-KB-S-216,amazon,3199.0,352.7,-807.0,2026-05-06 06:16:47
EDPP-900,amazon,1999.0,222.11,-800.0,2026-05-06 06:16:47
EDF-300,amazon,,,,2026-05-06 06:16:47
EDPP-400,amazon,999.0,111.0,-800.0,2026-05-06 06:16:47
EDS-800,amazon,949.0,118.63,-699.97,2026-05-06 06:16:47
ACBL-200,amazon,1457.0,728.5,-100.0,2026-05-06 06:16:47
WI-900,amazon,4599.0,507.06,-806.99,2026-05-06 06:16:47
EDF-600,amazon,,,,2026-05-06 06:16:47
EDS-S-480,amazon,,,,2026-05-06 06:16:47
CREATINE-100,amazon,299.0,299.0,0.0,2026-05-06 06:16:47
EDP-400,amazon,1299.0,324.75,-300.0,2026-05-06 06:16:47
EDF-500,amazon,,,,2026-05-06 06:16:47
EDS-150,flipkart,560.0,800.0,30.0,2026-05-06 06:16:47
EDP-900,amazon,2299.0,255.44,-800.02,2026-05-07 06:22:16
PRO-RM-S-216,amazon,3199.0,352.7,-807.0,2026-05-07 06:22:16
EDS-S-240,amazon,349.0,145.42,-139.99,2026-05-07 06:22:16
EDF-600,amazon,,,,2026-05-07 06:22:16
EDS-150,amazon,209.0,139.33,-50.0,2026-05-07 06:22:16
CREATINE-100,amazon,299.0,299.0,0.0,2026-05-07 06:22:16
EDF-100,amazon,,,,2026-05-07 06:22:16
EDF-300,amazon,,,,2026-05-07 06:22:16
EDS-S-480,amazon,689.0,143.54,-380.01,2026-05-07 06:22:16
ACLC-200,amazon,1457.0,728.5,-100.0,2026-05-07 06:22:16
WI-900,amazon,4599.0,507.06,-806.99,2026-05-07 06:22:16
EDP-400,amazon,1299.0,324.75,-300.0,2026-05-07 06:22:16
EDF-500,amazon,,,,2026-05-07 06:22:16
ACBL-200,amazon,1457.0,728.5,-100.0,2026-05-07 06:22:16
EDS-S-960,amazon,1199.0,124.9,-859.97,2026-05-07 06:22:16
EDPP-900,amazon,1999.0,222.11,-800.0,2026-05-07 06:22:16
EDF-400,amazon,,,,2026-05-07 06:22:16
EDS-800,amazon,949.0,118.63,-699.97,2026-05-07 06:22:16
EDF-200,amazon,,,,2026-05-07 06:22:16
EDPP-400,amazon,999.0,111.0,-800.0,2026-05-07 06:22:16
PRO-BN-907,amazon,3199.0,352.7,-807.0,2026-05-07 06:22:16
EDS-150,flipkart,,,,2026-05-07 06:22:16
PRO-MG-907,amazon,3199.0,352.7,-807.0,2026-05-07 06:22:16
PRO-KB-907,amazon,3199.0,352.7,-807.0,2026-05-07 06:22:16
ACU-S-60,amazon,449.0,224.5,-100.0,2026-05-07 06:22:16
PRO-RM-907,amazon,3199.0,352.7,-807.0,2026-05-07 06:22:16
ACBL-S-60,amazon,449.0,224.5,-100.0,2026-05-07 06:22:16
ACLC-S-60,amazon,449.0,748.33,40.0,2026-05-07 06:22:16
ACMC-S-60,amazon,448.0,746.67,40.0,2026-05-07 06:22:16
PRO-SB-S-216,amazon,3199.0,352.7,-807.0,2026-05-07 06:22:16
PRO-CC-907,amazon,3199.0,352.7,-807.0,2026-05-07 06:22:16
ACU-200,amazon,1457.0,728.5,-100.0,2026-05-07 06:22:16
PRO-MG-S-216,amazon,3199.0,352.7,-807.0,2026-05-07 06:22:16
PRO-KB-S-216,amazon,3199.0,352.7,-807.0,2026-05-07 06:22:16
ACMC-200,amazon,1457.0,728.5,-100.0,2026-05-07 06:22:16
PRO-CC-S-216,amazon,849.0,393.06,-116.0,2026-05-07 06:22:16
PRO-SB-907,amazon,3199.0,352.7,-807.0,2026-05-07 06:22:16
EDS-400,amazon,499.0,124.75,-300.0,2026-05-07 06:22:16
PRO-CM-S-216,amazon,849.0,393.06,-116.0,2026-05-07 06:22:16
PRO-CM-907,amazon,3199.0,352.7,-807.0,2026-05-07 06:22:16
PRO-SB-S-216,amazon,3099.0,341.68,-806.99,2026-05-08 05:38:46
PRO-KB-907,amazon,3099.0,341.68,-806.99,2026-05-08 05:38:46
ACU-S-60,amazon,445.0,222.5,-100.0,2026-05-08 05:38:46
PRO-RM-907,amazon,3099.0,341.68,-806.99,2026-05-08 05:38:46
PRO-CC-907,amazon,3039.0,335.06,-807.0,2026-05-08 05:38:46
ACMC-S-60,amazon,449.0,748.33,40.0,2026-05-08 05:38:46
ACLC-S-60,amazon,449.0,748.33,40.0,2026-05-08 05:38:46
PRO-CC-S-216,amazon,3039.0,335.06,-807.0,2026-05-08 05:38:46
PRO-MG-907,amazon,3099.0,341.68,-806.99,2026-05-08 05:38:46
PRO-RM-S-216,amazon,3099.0,341.68,-806.99,2026-05-08 05:38:46
PRO-MG-S-216,amazon,3099.0,341.68,-806.99,2026-05-08 05:38:46
ACU-200,amazon,,,,2026-05-08 05:38:46
PRO-CM-S-216,amazon,849.0,393.06,-116.0,2026-05-08 05:38:46
EDS-400,amazon,,,,2026-05-08 05:38:46
PRO-CM-907,amazon,3039.0,335.06,-807.0,2026-05-08 05:38:46
ACMC-200,amazon,,,,2026-05-08 05:38:46
PRO-BN-907,amazon,3099.0,341.68,-806.99,2026-05-08 05:38:46
PRO-KB-S-216,amazon,3099.0,341.68,-806.99,2026-05-08 05:38:46
PRO-SB-907,amazon,3099.0,341.68,-806.99,2026-05-08 05:38:46
ACBL-S-60,amazon,449.0,224.5,-100.0,2026-05-08 05:38:46
EDF-500,amazon,,,,2026-05-08 05:38:46
EDS-800,amazon,,,,2026-05-08 05:38:46
CREATINE-100,amazon,299.0,299.0,0.0,2026-05-08 05:38:46
EDS-150,amazon,,,,2026-05-08 05:38:46
EDF-600,amazon,,,,2026-05-08 05:38:46
EDF-100,amazon,,,,2026-05-08 05:38:46
EDF-300,amazon,,,,2026-05-08 05:38:46
EDP-900,amazon,,,,2026-05-08 05:38:46
EDF-400,amazon,,,,2026-05-08 05:38:46
EDS-150,flipkart,,,,2026-05-08 05:38:46
EDF-200,amazon,,,,2026-05-08 05:38:46
EDS-S-960,amazon,,,,2026-05-08 05:38:46
ACLC-200,amazon,,,,2026-05-08 05:38:46
WI-900,amazon,,,,2026-05-08 05:38:46
EDP-400,amazon,,,,2026-05-08 05:38:46
EDS-S-480,amazon,,,,2026-05-08 05:38:46
EDS-S-240,amazon,,,,2026-05-08 05:38:46
EDPP-900,amazon,,,,2026-05-08 05:38:46
ACBL-200,amazon,,,,2026-05-08 05:38:46
EDPP-400,amazon,,,,2026-05-08 05:38:46
EDF-500,amazon,,,,2026-05-09 06:04:00
EDS-150,amazon,,,,2026-05-09 06:04:00
EDF-600,amazon,,,,2026-05-09 06:04:00
EDF-100,amazon,,,,2026-05-09 06:04:00
EDF-300,amazon,,,,2026-05-09 06:04:00
EDF-200,amazon,,,,2026-05-09 06:04:00
CREATINE-100,amazon,296.0,296.0,0.0,2026-05-09 06:04:00
EDF-400,amazon,,,,2026-05-09 06:04:00
EDS-150,flipkart,,,,2026-05-09 06:04:00
EDPP-900,amazon,,,,2026-05-09 06:04:00
ACBL-200,amazon,1449.0,724.5,-100.0,2026-05-09 06:04:00
EDPP-400,amazon,,,,2026-05-09 06:04:00
EDS-S-480,amazon,,,,2026-05-09 06:04:00
EDP-400,amazon,,,,2026-05-09 06:04:00
WI-900,amazon,,,,2026-05-09 06:04:00
EDP-900,amazon,,,,2026-05-09 06:04:00
ACLC-200,amazon,,,,2026-05-09 06:04:00
EDS-S-240,amazon,,,,2026-05-09 06:04:00
EDS-S-960,amazon,,,,2026-05-09 06:04:00
EDS-800,amazon,,,,2026-05-09 06:04:00
PRO-CC-S-216,amazon,3039.0,335.06,-807.0,2026-05-09 06:04:00
PRO-BN-907,amazon,3099.0,341.68,-806.99,2026-05-09 06:04:00
PRO-MG-907,amazon,3039.0,335.06,-807.0,2026-05-09 06:04:00
PRO-CC-907,amazon,3039.0,335.06,-807.0,2026-05-09 06:04:00
ACLC-S-60,amazon,449.0,748.33,40.0,2026-05-09 06:04:00
PRO-RM-907,amazon,3099.0,341.68,-806.99,2026-05-09 06:04:00
ACBL-S-60,amazon,449.0,224.5,-100.0,2026-05-09 06:04:00
PRO-KB-907,amazon,3099.0,341.68,-806.99,2026-05-09 06:04:00
PRO-KB-S-216,amazon,3099.0,341.68,-806.99,2026-05-09 06:04:00
PRO-SB-S-216,amazon,3099.0,341.68,-806.99,2026-05-09 06:04:00
ACMC-S-60,amazon,448.0,746.67,40.0,2026-05-09 06:04:00
PRO-SB-907,amazon,3099.0,341.68,-806.99,2026-05-09 06:04:00
PRO-MG-S-216,amazon,3039.0,335.06,-807.0,2026-05-09 06:04:00
ACU-200,amazon,1446.0,723.0,-100.0,2026-05-09 06:04:00
PRO-CM-S-216,amazon,849.0,393.06,-116.0,2026-05-09 06:04:00
EDS-400,amazon,,,,2026-05-09 06:04:00
PRO-CM-907,amazon,3039.0,335.06,-807.0,2026-05-09 06:04:00
ACMC-200,amazon,1449.0,724.5,-100.0,2026-05-09 06:04:00
ACU-S-60,amazon,445.0,222.5,-100.0,2026-05-09 06:04:00
PRO-RM-S-216,amazon,3099.0,341.68,-806.99,2026-05-09 06:04:00
ACLC-S-60,amazon,449.0,748.33,40.0,2026-05-10 06:22:53
ACU-S-60,amazon,445.0,222.5,-100.0,2026-05-10 06:22:53
ACMC-S-60,amazon,448.0,746.67,40.0,2026-05-10 06:22:53
PRO-KB-907,amazon,3099.0,341.68,-806.99,2026-05-10 06:22:53
EDS-400,amazon,474.0,118.5,-300.0,2026-05-10 06:22:53
PRO-CM-S-216,amazon,849.0,393.06,-116.0,2026-05-10 06:22:53
PRO-RM-907,amazon,3099.0,341.68,-806.99,2026-05-10 06:22:53
PRO-SB-907,amazon,3099.0,341.68,-806.99,2026-05-10 06:22:53
PRO-MG-S-216,amazon,3099.0,341.68,-806.99,2026-05-10 06:22:53
PRO-KB-S-216,amazon,3099.0,341.68,-806.99,2026-05-10 06:22:53
PRO-RM-S-216,amazon,3099.0,341.68,-806.99,2026-05-10 06:22:53
PRO-CC-S-216,amazon,3039.0,335.06,-807.0,2026-05-10 06:22:53
PRO-SB-S-216,amazon,3099.0,341.68,-806.99,2026-05-10 06:22:53
ACU-200,amazon,1446.0,723.0,-100.0,2026-05-10 06:22:53
ACMC-200,amazon,1449.0,724.5,-100.0,2026-05-10 06:22:53
ACBL-S-60,amazon,449.0,224.5,-100.0,2026-05-10 06:22:53
PRO-BN-907,amazon,3099.0,341.68,-806.99,2026-05-10 06:22:53
PRO-CM-907,amazon,3039.0,335.06,-807.0,2026-05-10 06:22:53
PRO-MG-907,amazon,3099.0,341.68,-806.99,2026-05-10 06:22:53
PRO-CC-907,amazon,3039.0,335.06,-807.0,2026-05-10 06:22:53
EDS-S-960,amazon,1199.0,124.9,-859.97,2026-05-10 06:22:53
EDS-150,amazon,198.0,132.0,-50.0,2026-05-10 06:22:53
EDF-600,amazon,1299.0,399.0,-225.56,2026-05-10 06:22:53
ACLC-200,amazon,1449.0,724.5,-100.0,2026-05-10 06:22:53
EDF-100,amazon,,,,2026-05-10 06:22:53
EDF-300,amazon,857.0,285.67,-200.0,2026-05-10 06:22:53
EDF-200,amazon,,,,2026-05-10 06:22:53
EDS-S-240,amazon,337.0,140.42,-139.99,2026-05-10 06:22:53
EDF-400,amazon,1579.0,394.75,-300.0,2026-05-10 06:22:53
EDF-500,amazon,1299.0,259.8,-400.0,2026-05-10 06:22:53
EDS-S-480,amazon,679.0,141.46,-379.99,2026-05-10 06:22:53
EDS-800,amazon,939.0,117.38,-699.97,2026-05-10 06:22:53
WI-900,amazon,4369.0,481.7,-807.0,2026-05-10 06:22:53
EDP-900,amazon,2249.0,249.89,-800.0,2026-05-10 06:22:53
EDPP-400,amazon,999.0,111.0,-800.0,2026-05-10 06:22:53
EDPP-900,amazon,1997.0,221.89,-800.0,2026-05-10 06:22:53
ACBL-200,amazon,1449.0,724.5,-100.0,2026-05-10 06:22:53
CREATINE-100,amazon,296.0,296.0,0.0,2026-05-10 06:22:53
EDS-150,flipkart,,,,2026-05-10 06:22:53
EDP-400,amazon,1249.0,312.25,-300.0,2026-05-10 06:22:53
EDS-S-480,amazon,679.0,141.46,-379.99,2026-05-11 06:54:56
EDF-400,amazon,1579.0,394.75,-300.0,2026-05-11 06:54:56
EDS-S-240,amazon,337.0,140.42,-139.99,2026-05-11 06:54:56
EDF-600,amazon,319.0,319.0,0.0,2026-05-11 06:54:56
EDF-100,amazon,319.0,319.0,0.0,2026-05-11 06:54:56
EDF-500,amazon,1299.0,259.8,-400.0,2026-05-11 06:54:56
EDS-150,flipkart,,,,2026-05-11 06:54:56
EDF-300,amazon,857.0,285.67,-200.0,2026-05-11 06:54:56
EDF-200,amazon,617.0,308.5,-100.0,2026-05-11 06:54:56
EDPP-400,amazon,999.0,111.0,-800.0,2026-05-11 06:54:56
EDP-400,amazon,1249.0,312.25,-300.0,2026-05-11 06:54:56
EDP-900,amazon,2249.0,249.89,-800.0,2026-05-11 06:54:56
EDPP-900,amazon,1997.0,221.89,-800.0,2026-05-11 06:54:56
ACBL-200,amazon,1449.0,724.5,-100.0,2026-05-11 06:54:56
CREATINE-100,amazon,296.0,296.0,0.0,2026-05-11 06:54:56
EDS-S-960,amazon,1199.0,124.9,-859.97,2026-05-11 06:54:56
EDS-800,amazon,939.0,117.38,-699.97,2026-05-11 06:54:56
EDS-150,amazon,198.0,132.0,-50.0,2026-05-11 06:54:56
WI-900,amazon,4369.0,481.7,-807.0,2026-05-11 06:54:56
ACLC-200,amazon,1449.0,724.5,-100.0,2026-05-11 06:54:56
PRO-CM-S-216,amazon,849.0,393.06,-116.0,2026-05-11 06:54:56
ACMC-200,amazon,1449.0,724.5,-100.0,2026-05-11 06:54:56
EDS-400,amazon,474.0,118.5,-300.0,2026-05-11 06:54:56
PRO-KB-907,amazon,3099.0,341.68,-806.99,2026-05-11 06:54:56
ACMC-S-60,amazon,448.0,746.67,40.0,2026-05-11 06:54:56
ACLC-S-60,amazon,449.0,748.33,40.0,2026-05-11 06:54:56
PRO-MG-907,amazon,3099.0,341.68,-806.99,2026-05-11 06:54:56
ACBL-S-60,amazon,449.0,224.5,-100.0,2026-05-11 06:54:56
PRO-CM-907,amazon,3039.0,335.06,-807.0,2026-05-11 06:54:56
PRO-CC-S-216,amazon,3039.0,335.06,-807.0,2026-05-11 06:54:56
ACU-S-60,amazon,445.0,222.5,-100.0,2026-05-11 06:54:56
PRO-KB-S-216,amazon,3099.0,341.68,-806.99,2026-05-11 06:54:56
PRO-RM-S-216,amazon,3099.0,341.68,-806.99,2026-05-11 06:54:56
PRO-MG-S-216,amazon,3099.0,341.68,-806.99,2026-05-11 06:54:56
PRO-SB-S-216,amazon,3099.0,341.68,-806.99,2026-05-11 06:54:56
ACU-200,amazon,1446.0,723.0,-100.0,2026-05-11 06:54:56
PRO-SB-907,amazon,3099.0,341.68,-806.99,2026-05-11 06:54:56
PRO-RM-907,amazon,3099.0,341.68,-806.99,2026-05-11 06:54:56
PRO-CC-907,amazon,3039.0,335.06,-807.0,2026-05-11 06:54:56
PRO-BN-907,amazon,3099.0,341.68,-806.99,2026-05-11 06:54:56
ACU-S-60,amazon,445.0,222.5,-100.0,2026-05-12 06:26:05
EDS-S-960,amazon,1199.0,124.9,-859.97,2026-05-12 06:26:05
PRO-RM-907,amazon,3099.0,341.68,-806.99,2026-05-12 06:26:05
ACLC-S-60,amazon,449.0,748.33,40.0,2026-05-12 06:26:05
PRO-KB-907,amazon,3099.0,341.68,-806.99,2026-05-12 06:26:05
PRO-MG-907,amazon,3099.0,341.68,-806.99,2026-05-12 06:26:05
ACMC-S-60,amazon,448.0,746.67,40.0,2026-05-12 06:26:05
PRO-CM-907,amazon,3039.0,335.06,-807.0,2026-05-12 06:26:05
PRO-CC-S-216,amazon,3039.0,335.06,-807.0,2026-05-12 06:26:05
PRO-BN-907,amazon,3099.0,341.68,-806.99,2026-05-12 06:26:05
PRO-KB-S-216,amazon,3099.0,341.68,-806.99,2026-05-12 06:26:05
PRO-RM-S-216,amazon,3099.0,341.68,-806.99,2026-05-12 06:26:05
PRO-MG-S-216,amazon,3099.0,341.68,-806.99,2026-05-12 06:26:05
PRO-SB-S-216,amazon,3099.0,341.68,-806.99,2026-05-12 06:26:05
ACU-200,amazon,1446.0,723.0,-100.0,2026-05-12 06:26:05
PRO-SB-907,amazon,3099.0,341.68,-806.99,2026-05-12 06:26:05
PRO-CC-907,amazon,3039.0,335.06,-807.0,2026-05-12 06:26:05
ACBL-S-60,amazon,449.0,224.5,-100.0,2026-05-12 06:26:05
ACMC-200,amazon,1449.0,724.5,-100.0,2026-05-12 06:26:05
PRO-CM-S-216,amazon,849.0,393.06,-116.0,2026-05-12 06:26:05
ACLC-200,amazon,1449.0,724.5,-100.0,2026-05-12 06:26:05
EDS-150,amazon,198.0,132.0,-50.0,2026-05-12 06:26:05
EDF-600,amazon,1571.0,261833.33,99.4,2026-05-12 06:26:05
EDF-500,amazon,1299.0,259.8,-400.0,2026-05-12 06:26:05
EDF-100,amazon,,,,2026-05-12 06:26:05
EDF-300,amazon,857.0,285.67,-200.0,2026-05-12 06:26:05
EDS-S-240,amazon,337.0,140.42,-139.99,2026-05-12 06:26:05
EDF-400,amazon,1128.0,282.0,-300.0,2026-05-12 06:26:05
EDS-S-480,amazon,679.0,141.46,-379.99,2026-05-12 06:26:05
EDS-150,flipkart,,,,2026-05-12 06:26:05
EDF-200,amazon,617.0,308.5,-100.0,2026-05-12 06:26:05
WI-900,amazon,4369.0,481.7,-807.0,2026-05-12 06:26:05
EDP-400,amazon,1249.0,312.25,-300.0,2026-05-12 06:26:05
EDP-900,amazon,2249.0,249.89,-800.0,2026-05-12 06:26:05
EDPP-400,amazon,999.0,111.0,-800.0,2026-05-12 06:26:05
EDPP-900,amazon,1997.0,221.89,-800.0,2026-05-12 06:26:05
ACBL-200,amazon,1449.0,724.5,-100.0,2026-05-12 06:26:05
CREATINE-100,amazon,296.0,296.0,0.0,2026-05-12 06:26:05
EDS-400,amazon,474.0,118.5,-300.0,2026-05-12 06:26:05
EDS-800,amazon,939.0,117.38,-699.97,2026-05-12 06:26:05
EDS-150,amazon,,,,2026-05-13 06:37:30
EDF-600,amazon,,,,2026-05-13 06:37:30
EDF-500,amazon,,,,2026-05-13 06:37:30
EDF-100,amazon,,,,2026-05-13 06:37:30
EDF-300,amazon,,,,2026-05-13 06:37:30
EDF-200,amazon,,,,2026-05-13 06:37:30
EDF-400,amazon,,,,2026-05-13 06:37:30
EDS-S-480,amazon,,,,2026-05-13 06:37:30
EDS-150,flipkart,1211.0,1499.0,19.21,2026-05-13 06:37:30
EDS-800,amazon,,,,2026-05-13 06:37:30
WI-900,amazon,,,,2026-05-13 06:37:30
EDP-400,amazon,,,,2026-05-13 06:37:30
EDP-900,amazon,,,,2026-05-13 06:37:30
EDPP-400,amazon,,,,2026-05-13 06:37:30
EDPP-900,amazon,,,,2026-05-13 06:37:30
ACBL-200,amazon,,,,2026-05-13 06:37:30
CREATINE-100,amazon,,,,2026-05-13 06:37:30
EDS-400,amazon,,,,2026-05-13 06:37:30
ACLC-200,amazon,,,,2026-05-13 06:37:30
EDS-S-240,amazon,,,,2026-05-13 06:37:30
ACMC-200,amazon,,,,2026-05-13 06:37:30
PRO-CC-907,amazon,,,,2026-05-13 06:37:30
PRO-RM-907,amazon,,,,2026-05-13 06:37:30
PRO-KB-907,amazon,,,,2026-05-13 06:37:30
ACLC-S-60,amazon,,,,2026-05-13 06:37:30
ACMC-S-60,amazon,,,,2026-05-13 06:37:30
EDS-S-960,amazon,,,,2026-05-13 06:37:30
ACU-S-60,amazon,,,,2026-05-13 06:37:30
PRO-MG-907,amazon,,,,2026-05-13 06:37:30
PRO-CM-S-216,amazon,,,,2026-05-13 06:37:30
ACBL-S-60,amazon,,,,2026-05-13 06:37:30
PRO-BN-907,amazon,3099.0,341.68,-806.99,2026-05-13 06:37:30
PRO-KB-S-216,amazon,,,,2026-05-13 06:37:30
PRO-RM-S-216,amazon,,,,2026-05-13 06:37:30
PRO-CC-S-216,amazon,3039.0,335.06,-807.0,2026-05-13 06:37:30
PRO-MG-S-216,amazon,,,,2026-05-13 06:37:30
PRO-SB-S-216,amazon,,,,2026-05-13 06:37:30
ACU-200,amazon,,,,2026-05-13 06:37:30
PRO-SB-907,amazon,,,,2026-05-13 06:37:30
PRO-CM-907,amazon,,,,2026-05-13 06:37:30
PRO-CC-907,amazon,3039.0,335.06,-807.0,2026-05-14 06:35:48
PRO-RM-907,amazon,3099.0,341.68,-806.99,2026-05-14 06:35:48
PRO-KB-907,amazon,3099.0,341.68,-806.99,2026-05-14 06:35:48
ACLC-S-60,amazon,449.0,748.33,40.0,2026-05-14 06:35:48
ACMC-S-60,amazon,448.0,746.67,40.0,2026-05-14 06:35:48
ACBL-S-60,amazon,449.0,224.5,-100.0,2026-05-14 06:35:48
ACU-S-60,amazon,445.0,222.5,-100.0,2026-05-14 06:35:48
PRO-MG-907,amazon,3099.0,341.68,-806.99,2026-05-14 06:35:48
PRO-CM-S-216,amazon,849.0,393.06,-116.0,2026-05-14 06:35:48
PRO-CM-907,amazon,3039.0,335.06,-807.0,2026-05-14 06:35:48
PRO-BN-907,amazon,3099.0,341.68,-806.99,2026-05-14 06:35:48
PRO-KB-S-216,amazon,3099.0,341.68,-806.99,2026-05-14 06:35:48
PRO-RM-S-216,amazon,3099.0,341.68,-806.99,2026-05-14 06:35:48
PRO-CC-S-216,amazon,3039.0,335.06,-807.0,2026-05-14 06:35:48
PRO-MG-S-216,amazon,3099.0,341.68,-806.99,2026-05-14 06:35:48
PRO-SB-S-216,amazon,3099.0,341.68,-806.99,2026-05-14 06:35:48
ACU-200,amazon,1446.0,723.0,-100.0,2026-05-14 06:35:48
PRO-SB-907,amazon,3099.0,341.68,-806.99,2026-05-14 06:35:48
ACMC-200,amazon,1449.0,724.5,-100.0,2026-05-14 06:35:48
EDS-S-960,amazon,1158.0,120.63,-859.96,2026-05-14 06:35:48
ACLC-200,amazon,1449.0,724.5,-100.0,2026-05-14 06:35:48
CREATINE-100,amazon,296.0,296.0,0.0,2026-05-14 06:35:48
EDF-100,amazon,,,,2026-05-14 06:35:48
EDF-200,amazon,,,,2026-05-14 06:35:48
EDF-300,amazon,,,,2026-05-14 06:35:48
EDF-400,amazon,,,,2026-05-14 06:35:48
EDF-500,amazon,,,,2026-05-14 06:35:48
EDF-600,amazon,,,,2026-05-14 06:35:48
EDS-150,amazon,,,,2026-05-14 06:35:48
EDS-S-240,amazon,,,,2026-05-14 06:35:48
EDS-S-480,amazon,,,,2026-05-14 06:35:48
EDS-400,amazon,474.0,118.5,-300.0,2026-05-14 06:35:48
EDS-800,amazon,939.0,117.38,-699.97,2026-05-14 06:35:48
WI-900,amazon,4369.0,481.7,-807.0,2026-05-14 06:35:48
EDP-400,amazon,1249.0,312.25,-300.0,2026-05-14 06:35:48
EDP-900,amazon,2249.0,249.89,-800.0,2026-05-14 06:35:48
EDPP-400,amazon,999.0,111.0,-800.0,2026-05-14 06:35:48
EDPP-900,amazon,1997.0,221.89,-800.0,2026-05-14 06:35:48
ACBL-200,amazon,1449.0,724.5,-100.0,2026-05-14 06:35:48
EDS-150,flipkart,,,,2026-05-14 06:35:48
